Date,Total production [Wh],Total consumption [Wh],Own consumption [Wh] (consumption of own energy),Cost From Grid [c-kWh],Feed In Tarrif [c-kWh]
06-Apr-20,6857.89,41056.5,5652.89,30.074,0
07-Apr-20,11554.47,33746.47,9088.47,30.074,0
08-Apr-20,7564.25,29649.25,5473.25,30.074,0
09-Apr-20,5458.7,25862.7,3604.7,30.074,0
10-Apr-20,0,19674,0,30.074,0
11-Apr-20,3779.98,37125.98,3016.98,30.074,0
12-Apr-20,0,5405,0,30.074,0
13-Apr-20,0,0,0,30.074,0
14-Apr-20,0,0,0,30.074,0
15-Apr-20,0,0,0,30.074,0
16-Apr-20,13005.8,15189.41,2499.8,30.074,0
17-Apr-20,15994.05,22118.05,7187.05,30.074,0
18-Apr-20,8457.32,20056.32,3149.32,30.074,0
19-Apr-20,21610.99,18255.99,5940.99,30.074,0
20-Apr-20,15298.71,17094.71,4577.71,30.074,0
21-Apr-20,17047.38,25907.38,9397.38,37.257,0
22-Apr-20,16894.35,18802.35,4984.35,37.257,0
23-Apr-20,15464.38,20914.38,5305.38,37.257,0
24-Apr-20,23748.42,14572.42,4685.42,34.617,12
25-Apr-20,20058.12,15970.12,4770.12,19.162,12
26-Apr-20,9770.57,9148.57,4787.57,19.162,12
27-Apr-20,25390.6,39835.6,11027.6,34.617,12
28-Apr-20,17386.03,30426.03,8514.03,34.617,12
29-Apr-20,4624.66,27629.66,3339.66,34.617,12
30-Apr-20,10549.86,31635.86,7480.86,34.617,12
01-May-20,6027.98,25192.98,4614.98,34.617,12
02-May-20,10371.16,31619.16,8176.16,19.162,12
03-May-20,13259.67,26115.67,7782.67,19.162,12
04-May-20,4786.11,26680.11,3433.11,34.617,12
05-May-20,22396.96,25896.96,6901.96,34.617,12
06-May-20,15980.13,21035.13,4534.13,34.617,12
07-May-20,12693.12,20773.12,4358.12,34.617,12
08-May-20,18097.89,13320.89,3710.89,34.617,12
09-May-20,5695.5,31873.5,4206.5,19.162,12
10-May-20,14548.16,23255.16,8905.16,19.162,12
11-May-20,11028.02,29213.02,6861.02,34.617,12
12-May-20,11830.42,34997.42,9143.42,34.617,12
13-May-20,8636.68,24517.68,5449.68,34.617,12
14-May-20,15986.62,31174.62,9535.62,34.617,12
15-May-20,19670.66,28998.66,7074.66,34.617,12
16-May-20,19850.87,22978.87,4954.87,19.162,12
17-May-20,19397.03,26830.03,6625.03,19.162,12
18-May-20,18794.27,27482.27,7343.27,34.617,12
19-May-20,6081.3,24890.3,4569.3,34.617,12
20-May-20,10865.32,26177.32,6579.32,34.617,12
21-May-20,13941.34,22694.34,6721.34,34.617,12
22-May-20,8204.18,29097.18,5888.18,34.617,12
23-May-20,5205.68,19379.68,3019.68,19.162,12
24-May-20,7017.23,34021.23,5333.23,19.162,12
25-May-20,18846.31,21048.31,4921.31,34.617,12
26-May-20,18373.74,19580.74,5583.74,34.617,12
27-May-20,9719.45,29144.45,6455.45,34.617,12
28-May-20,12146.84,24444.84,4765.84,34.617,12
29-May-20,13840.65,17875.65,3396.65,34.617,12
30-May-20,16372.54,22278.54,7831.54,19.162,12
31-May-20,12829.23,22543.23,6258.23,19.162,12
01-Jun-20,3493,20107,1670,34.617,12
02-Jun-20,5038.31,24691.31,4019.31,34.617,12
03-Jun-20,12550.72,29780.72,8679.72,34.617,12
04-Jun-20,17157.3,27524.3,6660.3,34.617,12
05-Jun-20,16755.86,23036.86,6405.86,34.617,12
06-Jun-20,7214.94,27440.94,5464.94,19.162,12
07-Jun-20,8295.18,29131.18,5351.18,19.162,12
08-Jun-20,15158.66,40493.66,10307.66,34.617,12
09-Jun-20,16628.74,25369.74,6303.74,34.617,12
10-Jun-20,15182.43,36448.43,10290.43,34.617,12
11-Jun-20,15844.98,37150.98,11847.98,34.617,12
12-Jun-20,16806.32,26525.32,6435.32,34.617,12
13-Jun-20,3533.94,27229.94,2974.94,19.162,12
14-Jun-20,12536.73,24227.73,7355.73,19.162,12
15-Jun-20,11039.79,26312.79,7937.79,34.617,12
16-Jun-20,8689.59,26824.59,4387.59,34.617,12
17-Jun-20,15524.56,26801.56,7323.56,34.617,12
18-Jun-20,16224.23,37773.23,10796.23,34.617,12
19-Jun-20,14723.18,23762.18,5241.18,34.617,12
20-Jun-20,14325.62,25700.62,4721.62,19.162,12
21-Jun-20,6003.15,30816.15,4594.15,19.162,12
22-Jun-20,6308.73,24666.73,3925.73,34.617,12
23-Jun-20,6447.22,19967.22,4908.22,34.617,12
24-Jun-20,10000.42,27100.42,7187.42,34.617,12
25-Jun-20,7481.49,21398.49,4243.49,34.617,12
26-Jun-20,11697.29,33710.29,8735.29,34.617,12
27-Jun-20,8688.73,32535.73,6379.73,19.162,12
28-Jun-20,16530.04,36948.04,11371.04,19.162,12
29-Jun-20,16719.52,30139.52,7416.52,34.617,12
30-Jun-20,11691.86,29422.86,6952.86,34.617,12
01-Jul-20,16219.99,23434.99,6694.99,34.617,12
02-Jul-20,9120.21,28100.21,7150.21,34.617,12
03-Jul-20,4385.03,24562.03,3826.03,34.617,12
04-Jul-20,4847.48,28330.48,4182.48,19.162,12
05-Jul-20,7228.37,38091.37,5919.37,19.162,12
06-Jul-20,5787.15,21738.15,4031.15,34.617,12
07-Jul-20,4140.86,22808.86,3382.86,34.617,12
08-Jul-20,14482.71,20019.71,5169.71,34.617,12
09-Jul-20,13804.57,26306.57,7611.57,34.617,12
10-Jul-20,11900.14,22795.14,5727.14,34.617,12
11-Jul-20,2287.26,30294.26,2277.26,19.162,12
12-Jul-20,8195.52,38481.52,6814.52,19.162,12
13-Jul-20,12462.96,39321.96,9142.96,34.617,12
14-Jul-20,14824.62,32439.62,9122.62,34.617,12
15-Jul-20,16438.75,32131.75,8615.75,34.617,12
16-Jul-20,10277.42,21204.42,5122.42,34.617,12
17-Jul-20,13691.07,39243.07,11343.07,34.617,12
18-Jul-20,10969.64,36003.64,8031.64,19.162,12
19-Jul-20,8400.18,32563.18,5978.18,19.162,12
20-Jul-20,10801.9,36510.9,8467.9,34.617,12
21-Jul-20,4409.28,39284.28,4147.28,34.617,12
22-Jul-20,8119.57,34497.57,6973.57,34.617,12
23-Jul-20,5403.58,25791.58,3840.58,34.617,12
24-Jul-20,17173.15,39105.15,12177.15,34.617,12
25-Jul-20,13198.97,39163.97,11119.97,19.162,12
26-Jul-20,10394.89,37920.89,8508.89,19.162,12
27-Jul-20,4741.16,31733.16,3664.16,34.617,12
28-Jul-20,13935.38,39023.38,8312.38,34.617,12
29-Jul-20,15131.65,27867.65,6143.65,34.617,12
30-Jul-20,19706.18,24315.18,7349.18,34.617,12
31-Jul-20,19303.84,32143.84,10459.84,34.617,12
01-Aug-20,21001.11,30506.11,12694.11,19.162,10.2
02-Aug-20,19926.76,24548.76,7400.76,19.162,10.2
03-Aug-20,17065.73,36443.73,9809.73,34.617,10.2
04-Aug-20,13071.12,47750.12,10456.12,34.617,10.2
05-Aug-20,15245.31,34060.31,7099.31,34.617,10.2
06-Aug-20,12165.88,42263.88,10567.88,34.617,10.2
07-Aug-20,6508.89,46030.89,6135.89,34.617,10.2
08-Aug-20,11373.93,29375.93,7627.93,19.162,10.2
09-Aug-20,14531.04,35539.04,10445.04,19.162,10.2
10-Aug-20,22620.22,35437.22,8017.22,34.617,10.2
11-Aug-20,19400.45,42168.45,13766.45,34.617,10.2
12-Aug-20,12971.25,31133.25,7021.25,34.617,10.2
13-Aug-20,12696.12,33381.12,9620.12,34.617,10.2
14-Aug-20,10444.71,31351.71,7435.71,34.617,10.2
15-Aug-20,18398.97,27442.97,10253.97,19.162,10.2
16-Aug-20,7246.91,27135.91,5226.91,19.162,10.2
17-Aug-20,16609.02,42289.02,12437.02,34.617,10.2
18-Aug-20,19340.03,29437.03,10322.03,34.617,10.2
19-Aug-20,9011.05,26994.05,5223.05,34.617,10.2
20-Aug-20,10428.64,41246.64,8423.64,34.617,10.2
21-Aug-20,15696.96,43066.96,11247.96,34.617,10.2
22-Aug-20,5559.73,31560.73,4629.73,19.162,10.2
23-Aug-20,13732.26,30433.26,11447.26,19.162,10.2
24-Aug-20,17225.99,38090.99,10751.99,34.617,10.2
25-Aug-20,14494.88,42677.88,11640.88,34.617,10.2
26-Aug-20,22064.09,25569.09,9079.09,34.617,10.2
27-Aug-20,21944.45,26624.45,10213.45,34.617,10.2
28-Aug-20,0,0,0,34.617,10.2
29-Aug-20,0,0,0,19.162,10.2
30-Aug-20,12931.78,26717.82,6857.78,19.162,10.2
31-Aug-20,21696.67,33479.67,11483.67,34.617,10.2
01-Sep-20,27873.16,32276.16,10903.16,34.617,10.2
02-Sep-20,21974.85,25307.85,11372.85,34.617,10.2
03-Sep-20,19597.19,20562.19,5032.19,34.617,10.2
04-Sep-20,22902.02,26776.02,10681.02,34.617,10.2
05-Sep-20,22397.8,23501.8,7520.8,19.162,10.2
06-Sep-20,26722.11,20718.11,8076.11,19.162,10.2
07-Sep-20,30794.71,19422.71,8707.71,34.617,10.2
08-Sep-20,5004.74,19194.74,3741.74,34.617,10.2
09-Sep-20,29036.7,24775.7,8824.7,34.617,10.2
10-Sep-20,30947.51,29190.51,12582.51,34.617,10.2
11-Sep-20,22283.28,21116.28,6715.28,34.617,10.2
12-Sep-20,5327.92,20999.92,4227.92,19.162,10.2
13-Sep-20,26437.94,26719.94,10872.94,19.162,10.2
14-Sep-20,29295.67,21374.67,7650.67,34.617,10.2
15-Sep-20,33021.08,16112.08,6763.08,34.617,10.2
16-Sep-20,26072.35,20072.35,5238.35,34.617,10.2
17-Sep-20,14507.08,18745.08,6299.08,34.617,10.2
18-Sep-20,18893.56,13387.56,5144.56,34.617,10.2
19-Sep-20,22718.38,15923.38,6927.38,19.162,10.2
20-Sep-20,25712.57,15056.57,7981.57,19.162,10.2
21-Sep-20,16879.41,14890.41,6713.41,34.617,10.2
22-Sep-20,20051.82,19530.82,8380.82,34.617,10.2
23-Sep-20,21303.59,23301.59,9651.59,34.617,10.2
24-Sep-20,19793.95,24560.95,11831.95,34.617,10.2
25-Sep-20,13650.16,29194.16,8878.16,34.617,10.2
26-Sep-20,23152.35,37788.35,14865.35,19.162,10.2
27-Sep-20,26643.88,30120.88,14539.88,19.162,10.2
28-Sep-20,35781.54,19458.54,7964.54,34.617,10.2
29-Sep-20,28499.01,23042.01,9889.01,34.617,10.2
30-Sep-20,16617.38,14060.38,4496.38,34.617,10.2
01-Oct-20,33796.49,16171.49,6485.49,34.617,10.2
02-Oct-20,36596.22,14956.22,7404.22,34.617,10.2
03-Oct-20,30632.86,12735.86,6596.86,19.162,10.2
04-Oct-20,11399.28,12992.28,6336.28,19.162,10.2
05-Oct-20,9341.96,13893.96,4719.96,34.617,10.2
06-Oct-20,7488.64,25328.64,6225.64,34.617,10.2
07-Oct-20,13482.47,26583.47,8728.47,34.617,10.2
08-Oct-20,13763.68,17559.68,5854.68,34.617,10.2
09-Oct-20,19706.85,21987.85,9081.85,34.617,10.2
10-Oct-20,23325.84,19070.84,8345.84,19.162,10.2
11-Oct-20,29886.73,18297.73,7806.73,19.162,10.2
12-Oct-20,32613.95,13958.95,5826.95,34.617,10.2
13-Oct-20,18556.1,10994.1,5283.1,34.617,10.2
14-Oct-20,34979.65,15627.65,9193.65,34.617,10.2
15-Oct-20,6367.1,10510.1,4163.1,34.617,10.2
16-Oct-20,24770.3,13257.3,6369.3,34.617,10.2
17-Oct-20,18131.37,16121.37,8211.37,19.162,10.2
18-Oct-20,24442.43,24823.43,13452.43,19.162,10.2
19-Oct-20,19810.83,19113.83,9500.83,34.617,10.2
20-Oct-20,28964.5,24089.5,12483.5,34.617,10.2
21-Oct-20,25088.89,13634.89,7178.89,34.617,10.2
22-Oct-20,35793.18,18759.18,9371.18,34.617,10.2
23-Oct-20,16965.76,14663.76,7647.76,34.617,10.2
24-Oct-20,17199.63,23406.63,6945.63,19.162,10.2
25-Oct-20,27058.33,26436.33,12127.33,19.162,10.2
26-Oct-20,41562.13,17921.13,10013.13,34.617,10.2
27-Oct-20,30393.74,22122.74,12496.74,34.617,10.2
28-Oct-20,30758.48,12893.48,7536.48,34.617,10.2
29-Oct-20,26895.06,12685.06,7135.06,34.617,10.2
30-Oct-20,26868,11746,6066,34.617,10.2
31-Oct-20,12589.89,16428.89,7343.89,19.162,10.2
01-Nov-20,40690.63,15738.63,10983.63,19.162,10.2
02-Nov-20,41055.28,10361.28,6965.28,34.617,10.2
03-Nov-20,37391.85,12008.85,6900.85,34.617,10.2
04-Nov-20,5502.28,9798.28,3576.28,34.617,10.2
05-Nov-20,23633.92,19062.92,11031.92,34.617,10.2
06-Nov-20,18434.09,17797.09,6875.09,34.617,10.2
07-Nov-20,30488.09,24027.09,12836.09,19.162,10.2
08-Nov-20,42412.06,16075.06,6751.06,19.162,10.2
09-Nov-20,41786.01,10049.01,5224.01,34.617,10.2
10-Nov-20,41717.82,14108.82,8435.82,34.617,10.2
11-Nov-20,12002.65,11444.65,4066.65,34.617,10.2
12-Nov-20,30529.41,10580.41,4981.41,34.617,10.2
13-Nov-20,29287.11,12341.11,7046.11,34.617,10.2
14-Nov-20,30399.23,13389.23,7032.23,19.162,10.2
15-Nov-20,21814.94,12302.94,6564.94,19.162,10.2
16-Nov-20,38675.87,13747.87,8325.87,34.617,10.2
17-Nov-20,36082.91,9722.91,5789.91,34.617,10.2
18-Nov-20,41237.1,11111.1,5925.1,34.617,10.2
19-Nov-20,39792.28,12050.28,7064.28,34.617,10.2
20-Nov-20,38126.96,12913.96,7043.96,34.617,10.2
21-Nov-20,26495.3,11980.3,7592.3,19.162,10.2
22-Nov-20,17756.24,9633.24,3677.24,19.162,10.2
23-Nov-20,13359.13,12580.13,4942.13,34.617,10.2
24-Nov-20,22459.36,10211.36,4945.36,34.617,10.2
25-Nov-20,40850.9,9340.9,5135.9,34.617,10.2
26-Nov-20,36797.1,11217.1,6952.1,34.617,10.2
27-Nov-20,34413.16,14013.16,8016.16,34.617,10.2
28-Nov-20,15261.89,14171.89,7306.89,19.162,10.2
29-Nov-20,24916.9,11065.9,5766.9,19.162,10.2
30-Nov-20,41711.29,13290.29,8537.29,34.617,10.2
01-Dec-20,12710.46,12777.46,7164.46,34.617,10.2
02-Dec-20,37413.87,10866.87,7341.87,34.617,10.2
03-Dec-20,43897.32,12988.32,8107.32,34.617,10.2
04-Dec-20,43624.47,12119.47,8027.47,34.617,10.2
05-Dec-20,13246.18,11532.18,5228.18,19.162,10.2
06-Dec-20,25632.67,15704.67,8993.67,19.162,10.2
07-Dec-20,26989.79,14040.79,7137.79,34.617,10.2
08-Dec-20,21597.13,16268.13,9295.13,34.617,10.2
09-Dec-20,44397.21,10965.21,7641.21,34.617,10.2
10-Dec-20,43370.72,12884.72,9697.72,34.617,10.2
11-Dec-20,45095.63,12627.63,8103.63,34.617,10.2
12-Dec-20,43056.97,9777.97,7685.97,19.162,10.2
13-Dec-20,40343.33,7115.33,3910.33,19.162,10.2
14-Dec-20,43705.68,22037.68,14395.68,34.617,10.2
15-Dec-20,33244.63,15157.63,10280.63,34.617,10.2
16-Dec-20,37035.57,12553.57,8055.57,34.617,10.2
17-Dec-20,30973.29,12358.29,8391.29,34.617,10.2
18-Dec-20,34235.18,13704.18,9509.18,34.617,10.2
19-Dec-20,34548.75,14127.75,8824.75,19.162,10.2
20-Dec-20,38902.09,11960.09,7456.09,19.162,10.2
21-Dec-20,17791.35,13793.35,7540.35,34.617,10.2
22-Dec-20,14736.44,14402.44,6053.44,34.617,10.2
23-Dec-20,29127.33,11772.33,6385.33,34.617,10.2
24-Dec-20,32706.2,15817.2,9511.2,34.617,10.2
25-Dec-20,36427.45,15778.45,10770.45,34.617,10.2
26-Dec-20,43044.87,13947.87,8549.87,19.162,10.2
27-Dec-20,11896.81,17953.81,6969.81,19.162,10.2
28-Dec-20,35146.94,16948.94,11629.94,34.617,10.2
29-Dec-20,41742.99,13514.99,8270.99,34.617,10.2
30-Dec-20,40704.22,16863.22,10954.22,34.617,10.2
31-Dec-20,18539.62,10197.62,4648.62,34.617,10.2
01-Jan-21,38539.94,15568.94,9160.94,34.617,10.2
02-Jan-21,22940.47,15655.47,6881.47,19.162,10.2
03-Jan-21,29358.51,16895.51,9270.51,19.162,10.2
04-Jan-21,17891.83,13092.83,6063.83,34.617,10.2
05-Jan-21,14585.98,14072.98,6119.98,34.617,10.2
06-Jan-21,16393.76,13770.76,7251.76,34.617,10.2
07-Jan-21,37170.06,14534.06,8359.06,34.617,10.2
08-Jan-21,43422.15,11795.15,7197.15,34.617,10.2
09-Jan-21,43294.92,12447.92,7877.92,19.162,10.2
10-Jan-21,41792.41,14674.41,7685.41,19.162,10.2
11-Jan-21,32998.89,38201.89,20300.89,34.617,10.2
12-Jan-21,37107.59,12967.59,7766.59,34.617,10.2
13-Jan-21,29393.63,13215.63,7812.63,34.617,10.2
14-Jan-21,29296.81,18133.81,11322.81,34.617,10.2
15-Jan-21,25385.56,13412.56,9122.56,34.617,10.2
16-Jan-21,20689.88,13186.88,6770.88,19.162,10.2
17-Jan-21,37105.81,16681.81,12473.81,19.162,10.2
18-Jan-21,32231.67,14699.67,8472.67,34.617,10.2
19-Jan-21,38828.14,14050.14,9114.14,34.617,10.2
20-Jan-21,43236.93,13430.93,7188.93,34.617,10.2
21-Jan-21,39316.85,14292.85,9231.85,34.617,10.2
22-Jan-21,42587.08,15627.08,10760.08,34.617,10.2
23-Jan-21,42330.81,13625.81,9688.81,19.162,10.2
24-Jan-21,34223.15,28617.15,18866.15,19.162,10.2
25-Jan-21,22840.79,18027.79,10780.79,34.617,10.2
26-Jan-21,11586.41,9535.41,3824.41,34.617,10.2
27-Jan-21,43616.16,10735.16,6876.16,34.617,10.2
28-Jan-21,17933.29,12377.29,6736.29,34.617,10.2
29-Jan-21,6553.75,11962.75,3774.75,34.617,10.2
30-Jan-21,31526.34,10664.34,6392.34,19.162,10.2
31-Jan-21,41402.78,15428.78,11429.78,19.162,10.2
01-Feb-21,20647.18,9543.18,5942.18,33.033,10.2
02-Feb-21,25525.47,9233.47,5459.47,33.033,10.2
03-Feb-21,38933.76,8760.76,5444.76,33.033,10.2
04-Feb-21,26162.7,10120.7,5216.7,33.033,10.2
05-Feb-21,21753.87,9577.87,3987.87,33.033,10.2
06-Feb-21,25218.19,10262.19,4608.19,17.765,10.2
07-Feb-21,27929.24,10085.24,6272.24,17.765,10.2
08-Feb-21,21487.71,14317.71,6500.71,33.033,10.2
09-Feb-21,41065.64,10047.64,6364.64,33.033,10.2
10-Feb-21,37650.36,9698.36,6139.36,33.033,10.2
11-Feb-21,22663.85,11743.85,5769.85,33.033,10.2
12-Feb-21,24857.77,7903.77,3719.77,33.033,10.2
13-Feb-21,23056.59,10683.59,6730.59,17.765,10.2
14-Feb-21,31261.76,11199.76,7108.76,17.765,10.2
15-Feb-21,36989.28,10330.28,6431.28,33.033,10.2
16-Feb-21,31029.73,14217.73,8140.73,33.033,10.2
17-Feb-21,38584.1,19710.1,10595.1,33.033,10.2
18-Feb-21,38693.54,23554.54,13871.54,33.033,10.2
19-Feb-21,37157,17117,9161,33.033,10.2
20-Feb-21,20266.67,12471.67,5561.67,17.765,10.2
21-Feb-21,14316.42,15739.42,6845.42,17.765,10.2
22-Feb-21,25127.65,11280.65,5504.65,33.033,10.2
23-Feb-21,19993.77,11208.77,4938.77,33.033,10.2
24-Feb-21,37536.04,11517.04,6096.04,33.033,10.2
25-Feb-21,29649.67,12131.67,5360.67,33.033,10.2
26-Feb-21,28616.37,10790.37,5026.37,33.033,10.2
27-Feb-21,20387.63,8920.63,4962.63,17.765,10.2
28-Feb-21,34396.89,12971.89,7020.89,17.765,10.2
01-Mar-21,20411.53,12481.53,5881.53,33.033,10.2
02-Mar-21,20946.82,13255.82,6070.82,33.033,10.2
03-Mar-21,21001.09,10540.09,4863.09,33.033,10.2
04-Mar-21,17191.01,9204.01,4409.01,33.033,10.2
05-Mar-21,16909.29,11291.29,3119.29,33.033,10.2
06-Mar-21,37568.96,13486.96,6437.96,17.765,10.2
07-Mar-21,28042.85,9705.85,6152.85,17.765,10.2
08-Mar-21,10676.82,13086.82,3818.82,33.033,10.2
09-Mar-21,20484.38,7774.38,3954.38,33.033,10.2
10-Mar-21,36769.24,10046.24,6651.24,33.033,10.2
11-Mar-21,20131.04,9011.04,4957.04,33.033,10.2
12-Mar-21,26793.16,11200.16,5650.16,33.033,10.2
13-Mar-21,6318.14,9755.14,3308.14,17.765,10.2
14-Mar-21,26774.49,13101.49,7046.49,17.765,10.2
15-Mar-21,25043.93,8312.93,4491.93,33.033,10.2
16-Mar-21,33200.94,8741.94,4288.94,33.033,10.2
17-Mar-21,29226.96,8137.96,4073.96,33.033,10.2
18-Mar-21,27519.11,8341.11,5537.11,33.033,10.2
19-Mar-21,28565.05,5124.05,2829.05,33.033,10.2
20-Mar-21,19455.8,4973.8,2597.8,17.765,10.2
21-Mar-21,7260.69,4833.69,2053.69,17.765,10.2
22-Mar-21,10452.06,10191.06,4198.06,33.033,10.2
23-Mar-21,14187.25,8416.25,3540.25,33.033,10.2
24-Mar-21,11935.87,10378.87,3880.87,33.033,10.2
25-Mar-21,14994.27,8916.27,4361.27,33.033,10.2
26-Mar-21,19548.79,16790.79,8403.79,33.033,10.2
27-Mar-21,19760.92,9786.92,3273.92,17.765,10.2
28-Mar-21,24190.51,9585.51,3387.51,17.765,10.2
29-Mar-21,26333.08,9796.08,4124.08,33.033,10.2
30-Mar-21,30443.95,6971.95,3151.95,33.033,10.2
31-Mar-21,29901.16,12003.16,7065.16,33.033,10.2
01-Apr-21,28081.55,9503.55,3514.55,33.033,10.2
02-Apr-21,27378.88,11865.88,4826.88,33.033,10.2
03-Apr-21,27834.52,14825.52,8874.52,17.765,10.2
04-Apr-21,27397.86,11394.86,4108.86,17.765,10.2
05-Apr-21,27191.6,10854.6,6327.6,33.033,10.2
06-Apr-21,14101.23,9150.23,2648.23,33.033,10.2
07-Apr-21,21343.42,11263.42,5038.42,33.033,10.2
08-Apr-21,24846.99,12741.99,3694.99,33.033,10.2
09-Apr-21,16520.91,12495.91,3211.91,33.033,10.2
10-Apr-21,13463.83,6583.83,2044.83,17.765,10.2
11-Apr-21,12517.67,4007.67,1757.67,17.765,10.2
12-Apr-21,13082.99,3960.99,1906.99,33.033,10.2
13-Apr-21,16134.94,4066.94,1916.94,33.033,10.2
14-Apr-21,16204.95,4251.95,2026.95,33.033,10.2
15-Apr-21,13768.26,4308.26,2058.26,33.033,10.2
16-Apr-21,10091.63,3994.63,1762.63,33.033,10.2
17-Apr-21,11975.57,3996.57,1840.57,17.765,10.2
18-Apr-21,12064.36,4125.36,1781.36,17.765,10.2
19-Apr-21,11377.46,7623.46,1795.46,33.033,10.2
20-Apr-21,5351.72,14428.72,2957.72,33.033,10.2
21-Apr-21,15623.01,30939.01,9876.01,33.033,10.2
22-Apr-21,9130.54,13534.54,3972.54,33.033,10.2
23-Apr-21,10951.5,12596.5,2001.5,33.033,10.2
24-Apr-21,10056.74,19100.74,4167.74,17.765,10.2
25-Apr-21,12725.79,21118.79,6665.79,17.765,10.2
26-Apr-21,11628,15881,4368,33.033,10.2
27-Apr-21,9328.57,16972.57,5552.57,33.033,10.2
28-Apr-21,21038.68,19888.68,6375.68,33.033,10.2
29-Apr-21,20895.59,23753.59,5082.59,33.033,10.2
30-Apr-21,20839.4,9290.4,2872.4,33.033,10.2
01-May-21,18073.87,11951.87,4082.87,17.765,10.2
02-May-21,15113.66,16566.66,5790.66,17.765,10.2
03-May-21,7912.5,9695.5,1851.5,33.033,10.2
04-May-21,6791.64,18265.64,4333.64,33.033,10.2
05-May-21,17994.72,15532.72,6323.72,33.033,10.2
06-May-21,19348.15,16852.15,5032.15,33.033,10.2
07-May-21,11258.35,13095.35,3564.35,33.033,10.2
08-May-21,12560.72,17220.72,3688.72,17.765,10.2
09-May-21,13422.71,18516.71,3985.71,17.765,10.2
10-May-21,3817.67,18626.67,3697.67,33.033,10.2
11-May-21,9663.6,20787.6,5635.6,33.033,10.2
12-May-21,18951.93,16061.93,4688.93,33.033,10.2
13-May-21,9201.48,17731.48,4959.48,33.033,10.2
14-May-21,13223.14,32542.14,9401.14,33.033,10.2
15-May-21,14497.62,18532.62,4853.62,17.765,10.2
16-May-21,6185.72,25097.72,4254.72,17.765,10.2
17-May-21,11479.91,21359.91,6609.91,33.033,10.2
18-May-21,9106.17,25456.17,5243.17,33.033,10.2
19-May-21,15822.34,20046.34,3906.34,33.033,10.2
20-May-21,7459.4,18668.4,3621.4,33.033,10.2
21-May-21,18172.67,19928.67,3766.67,33.033,10.2
22-May-21,17922.36,22160.36,6357.36,17.765,10.2
23-May-21,17069.86,18680.86,3529.86,17.765,10.2
24-May-21,13812.27,20259.27,3890.27,33.033,10.2
25-May-21,6767.48,21276.48,3008.48,33.033,10.2
26-May-21,7775.23,36857.23,5276.23,33.033,10.2
27-May-21,7436.06,49205.06,4587.06,33.033,10.2
28-May-21,8398.92,38850.92,7166.92,33.033,10.2
29-May-21,11117.28,27207.28,5768.28,17.765,10.2
30-May-21,17019.94,29021.94,7935.94,17.765,10.2
31-May-21,16861.51,35208.51,11646.51,33.033,10.2
01-Jun-21,9670.33,33784.33,7530.33,33.033,10.2
02-Jun-21,15824.57,28353.57,6642.57,33.033,10.2
03-Jun-21,14455.92,19492.92,4572.92,33.033,10.2
04-Jun-21,7225.69,35776.69,6514.69,33.033,10.2
05-Jun-21,11609.65,23834.65,6630.65,17.765,10.2
06-Jun-21,6692.09,25515.09,3744.09,17.765,10.2
07-Jun-21,8149.73,27087.73,7237.73,33.033,10.2
08-Jun-21,4936.58,30535.58,3697.58,33.033,10.2
09-Jun-21,1192.45,26743.45,1192.45,33.033,10.2
10-Jun-21,0,4385.09,0,33.033,10.2
11-Jun-21,9057.24,21596.24,5275.24,33.033,10.2
12-Jun-21,7155.02,27899.02,5566.02,17.765,10.2
13-Jun-21,7618.18,20248.18,4130.18,17.765,10.2
14-Jun-21,8313.19,24586.19,5847.19,33.033,10.2
15-Jun-21,10140.1,18877.1,5394.1,33.033,10.2
16-Jun-21,9015.89,13383.89,3494.89,33.033,10.2
17-Jun-21,5792.85,16448.85,3297.85,33.033,10.2
18-Jun-21,4085.64,18026.64,2848.64,33.033,10.2
19-Jun-21,13641.35,10386.35,2204.35,17.765,10.2
20-Jun-21,15636.55,11910.55,2896.55,17.765,10.2
21-Jun-21,15098.03,16781.03,6114.03,33.033,10.2
22-Jun-21,13325.46,10985.46,4024.46,33.033,10.2
23-Jun-21,4862.01,12448.01,3372.01,33.033,10.2
24-Jun-21,12394.82,12777.82,4229.82,33.033,10.2
25-Jun-21,3692.62,15634.62,3144.62,33.033,10.2
26-Jun-21,7872.3,12717.3,3606.3,17.765,10.2
27-Jun-21,9424.49,14619.49,3847.49,17.765,10.2
28-Jun-21,14180.38,13706.38,5559.38,33.033,10.2
29-Jun-21,14702.76,28183.76,8136.76,33.033,10.2
30-Jun-21,13515.85,19740.85,4056.85,33.033,10.2
01-Jul-21,15604.93,20599.93,5215.93,33.033,10.2
02-Jul-21,7932.64,15542.64,4593.64,33.033,10.2
03-Jul-21,7632.74,22495.74,3738.74,17.765,10.2
04-Jul-21,5725.99,31927.99,5606.99,17.765,10.2
05-Jul-21,6783.53,34295.53,6750.53,33.033,10.2
06-Jul-21,8565.59,9089.59,1192.59,33.033,10.2
07-Jul-21,10289.21,12672.21,1235.21,33.033,10.2
08-Jul-21,12619.69,23486.69,6938.69,33.033,10.2
09-Jul-21,14963.48,38835.48,8469.48,33.033,10.2
10-Jul-21,11391.44,27957.44,3045.44,17.765,10.2
11-Jul-21,13663.26,31105.26,6859.26,17.765,10.2
12-Jul-21,11924.4,23216.4,4052.4,33.033,10.2
13-Jul-21,10424.65,25904.65,5554.65,33.033,10.2
14-Jul-21,5150.61,37152.61,4962.61,33.033,10.2
15-Jul-21,9648.17,22786.17,5253.17,33.033,10.2
16-Jul-21,6082.08,35725.08,5765.08,33.033,10.2
17-Jul-21,6228.85,33850.85,5444.85,17.765,10.2
18-Jul-21,10439.42,32740.42,7412.42,17.765,10.2
19-Jul-21,9085.75,37408.75,7908.75,33.033,10.2
20-Jul-21,2190.72,38871.72,2190.72,33.033,10.2
21-Jul-21,9387.23,37665.23,6130.23,33.033,10.2
22-Jul-21,8036.68,32016.68,6462.68,33.033,10.2
23-Jul-21,10134.87,38520.87,6961.87,33.033,10.2
24-Jul-21,7753.2,32472.2,6725.2,17.765,10.2
25-Jul-21,6305.71,36939.71,3959.71,17.765,10.2
26-Jul-21,10486.21,29666.21,5666.21,33.033,10.2
27-Jul-21,9948.67,26917.67,4314.67,33.033,10.2
28-Jul-21,11679.13,28639.13,6071.13,33.033,10.2
29-Jul-21,17628.82,25138.82,5001.82,33.033,10.2
30-Jul-21,14851.78,24170.78,6030.78,33.033,10.2
31-Jul-21,16777.09,17457.09,4430.09,17.765,10.2
01-Aug-21,14312.22,26500.22,5765.22,17.765,6.7
02-Aug-21,18219.92,25395.92,5526.92,33.033,6.7
03-Aug-21,10701.91,30398.91,5367.91,33.033,6.7
04-Aug-21,12128.61,36069.61,10100.61,33.033,6.7
05-Aug-21,9839.92,30394.92,7360.92,33.033,6.7
06-Aug-21,5210.32,32787.32,5116.32,33.033,6.7
07-Aug-21,10244.56,25478.56,5737.56,17.765,6.7
08-Aug-21,14546.36,27291.36,3672.36,17.765,6.7
09-Aug-21,11122.82,34686.82,7239.82,33.033,6.7
10-Aug-21,20464.7,29522.7,6418.7,33.033,6.7
11-Aug-21,6243.26,27520.26,4222.26,33.033,6.7
12-Aug-21,12591.84,34012.84,7946.84,33.033,6.7
13-Aug-21,16003.6,23180.6,4707.6,33.033,6.7
14-Aug-21,14410.84,23257.84,2544.84,17.765,6.7
15-Aug-21,21605.23,20525.23,4292.23,17.765,6.7
16-Aug-21,11902.47,31743.47,9226.47,33.033,6.7
17-Aug-21,11034.61,32912.61,6394.61,33.033,6.7
18-Aug-21,12779.4,30452.4,6941.4,33.033,6.7
19-Aug-21,21809.95,24773.95,8376.95,33.033,6.7
20-Aug-21,6105.45,26255.45,5006.45,33.033,6.7
21-Aug-21,16935.35,21785.35,5204.35,17.765,6.7
22-Aug-21,23733.98,23285.98,7035.98,17.765,6.7
23-Aug-21,13549.81,29451.81,8258.81,33.033,6.7
24-Aug-21,20539.12,26967.12,5511.12,33.033,6.7
25-Aug-21,19312.61,39251.61,9567.61,33.033,6.7
26-Aug-21,17462.16,36387.16,8976.16,33.033,6.7
27-Aug-21,11747.02,34005.02,5885.02,33.033,6.7
28-Aug-21,25279.16,22877.16,3834.16,17.765,6.7
29-Aug-21,10028.8,30180.8,6851.8,17.765,6.7
30-Aug-21,24471.8,30111.8,7621.8,33.033,6.7
31-Aug-21,14976.99,25577.99,6992.99,33.033,6.7
01-Sep-21,25656.97,9123.97,3769.97,33.033,6.7
02-Sep-21,26535.33,10403.33,5151.33,33.033,6.7
03-Sep-21,6920.54,10476.54,2790.54,33.033,6.7
04-Sep-21,18593.17,22692.17,6257.17,17.765,6.7
05-Sep-21,18460.18,31915.18,6759.18,17.765,6.7
06-Sep-21,26554.04,23332.04,7117.04,33.033,6.7
07-Sep-21,14719.58,21240.58,4662.58,33.033,6.7
08-Sep-21,29077.92,15337.92,3764.92,33.033,6.7
09-Sep-21,28786.7,17431.7,7850.7,33.033,6.7
10-Sep-21,16892.25,20846.25,8604.25,33.033,6.7
11-Sep-21,7191.54,14941.54,3670.54,17.765,6.7
12-Sep-21,17006.05,18207.05,6012.05,17.765,6.7
13-Sep-21,27866.29,17524.29,5961.29,33.033,6.7
14-Sep-21,23001.14,25192.14,5271.14,33.033,6.7
15-Sep-21,27428,21983,5663,33.033,6.7
16-Sep-21,24872.51,26057.51,8284.51,33.033,6.7
17-Sep-21,19357.09,17883.09,5196.09,33.033,6.7
18-Sep-21,19986.88,17091.88,5514.88,17.765,6.7
19-Sep-21,13215.66,18080.66,6107.66,17.765,6.7
20-Sep-21,16817.47,21482.47,5309.47,33.033,6.7
21-Sep-21,18768.95,30410.95,8322.95,33.033,6.7
22-Sep-21,17079.08,21292.08,6208.08,33.033,6.7
23-Sep-21,32905.61,15866.61,4836.61,33.033,6.7
24-Sep-21,18230.33,18206.33,6019.33,33.033,6.7
25-Sep-21,24168.24,29179.24,11392.24,17.765,6.7
26-Sep-21,34012.99,26163.99,6430.99,17.765,6.7
27-Sep-21,29542.55,19482.55,6164.55,33.033,6.7
28-Sep-21,28310.22,15601.22,6241.22,33.033,6.7
29-Sep-21,16579.46,13810.46,3662.46,33.033,6.7
30-Sep-21,8436.11,16781.11,3698.11,33.033,6.7
01-Oct-21,20757.65,10346.65,4134.65,33.033,6.7
02-Oct-21,13958.62,11529.62,4620.62,17.765,6.7
03-Oct-21,23914.49,7962.49,4358.49,17.765,6.7
04-Oct-21,23865.12,11878.12,5265.12,33.033,6.7
05-Oct-21,16247.03,26045.03,8574.03,33.033,6.7
06-Oct-21,26205.09,15858.09,5233.74,33.033,6.7
07-Oct-21,27085.64,17371.64,8780.64,33.033,6.7
08-Oct-21,34042.23,14169.23,5457.23,33.033,6.7
09-Oct-21,26374.21,8052.21,5205.21,17.765,6.7
10-Oct-21,24321.7,12722.7,7580.7,17.765,6.7
11-Oct-21,28854.98,16377.98,8386.98,33.033,6.7
12-Oct-21,29574.29,11848.29,4378.29,33.033,6.7
13-Oct-21,22595.8,14363.8,6065.8,33.033,6.7
14-Oct-21,25886.6,10135.6,5405.6,33.033,6.7
15-Oct-21,16911.54,18337.54,5141.54,33.033,6.7
16-Oct-21,18907.16,20628.16,11263.16,17.765,6.7
17-Oct-21,23897.7,17417.7,9618.7,17.765,6.7
18-Oct-21,11759.26,22660.26,9131.26,33.033,6.7
19-Oct-21,21678.6,21192.6,9210.6,33.033,6.7
20-Oct-21,37262.34,15483.34,6234.34,33.033,6.7
21-Oct-21,29057.26,9441.26,5470.26,33.033,6.7
22-Oct-21,26926.32,8476.32,4535.32,33.033,6.7
23-Oct-21,14367.89,9801.89,4066.89,17.765,6.7
24-Oct-21,32659.3,17746.3,7814.3,17.765,6.7
25-Oct-21,32461.92,20672.92,10766.92,33.033,6.7
26-Oct-21,38772.27,17141.27,9367.27,33.033,6.7
27-Oct-21,36898.98,10306.98,5665.98,33.033,6.7
28-Oct-21,25794.3,9012.3,5284.3,33.033,6.7
29-Oct-21,24033.45,13646.45,9231.45,33.033,6.7
30-Oct-21,24794.91,16802.91,8557.91,17.765,6.7
31-Oct-21,39014.39,17732.39,9175.39,17.765,6.7
01-Nov-21,36875.87,10503.87,6010.87,33.033,6.7
02-Nov-21,38552.19,8431.19,5519.19,33.033,6.7
03-Nov-21,10662.3,8076.3,4223.3,33.033,6.7
04-Nov-21,35326.21,9020.21,6435.21,33.033,6.7
05-Nov-21,35845.55,10438.55,7626.55,33.033,6.7
06-Nov-21,26252.31,14024.31,6478.31,17.765,6.7
07-Nov-21,18431.12,11459.12,6640.12,17.765,6.7
08-Nov-21,30829.72,10013.72,6590.72,33.033,6.7
09-Nov-21,36995.32,11264.32,6265.32,33.033,6.7
10-Nov-21,15009.63,9574.63,4353.63,33.033,6.7
11-Nov-21,27881.2,20601.2,13217.2,33.033,6.7
12-Nov-21,8305.05,22068.05,5994.05,33.033,6.7
13-Nov-21,16664.38,23016.38,10036.38,17.765,6.7
14-Nov-21,22634.83,28876.83,12665.83,17.765,6.7
15-Nov-21,26688.75,30333.75,14405.75,33.033,6.7
16-Nov-21,20628.69,30514.69,12536.69,33.033,6.7
17-Nov-21,37015.31,16271.31,8557.31,33.033,6.7
18-Nov-21,27589.66,12333.66,7478.66,33.033,6.7
19-Nov-21,24105.17,12157.17,6779.17,33.033,6.7
20-Nov-21,30563.68,7970.68,5289.68,17.765,6.7
21-Nov-21,32252.21,14344.21,10023.21,17.765,6.7
22-Nov-21,40063.09,10649.09,6510.09,33.033,6.7
23-Nov-21,25675.27,10605.27,6728.27,33.033,6.7
24-Nov-21,23164.26,12336.26,6644.26,33.033,6.7
25-Nov-21,5732.56,9820.56,3875.56,33.033,6.7
26-Nov-21,30471.95,11550.95,7068.95,33.033,6.7
27-Nov-21,42334.12,9098.12,5137.12,17.765,6.7
28-Nov-21,42387.99,12029.99,7191.99,17.765,6.7
29-Nov-21,36006.77,12106.77,7122.77,33.033,6.7
30-Nov-21,40243.67,12495.67,7043.67,33.033,6.7
01-Dec-21,24161.22,12226.22,5230.22,33.033,6.7
02-Dec-21,30631.47,13506.47,8419.47,33.033,6.7
03-Dec-21,29533.79,11610.79,7177.79,33.033,6.7
04-Dec-21,30655.11,9681.11,5308.11,17.765,6.7
05-Dec-21,34682.3,9504.3,6020.3,17.765,6.7
06-Dec-21,33759.14,11884.14,7852.14,33.033,6.7
07-Dec-21,8790.44,12280.44,5854.44,33.033,6.7
08-Dec-21,21509.32,15894.32,8518.32,33.033,6.7
09-Dec-21,13433.61,20594.61,7923.61,33.033,6.7
10-Dec-21,25786.82,12338.82,7374.82,33.033,6.7
11-Dec-21,32722.58,9304.58,6011.58,17.765,6.7
12-Dec-21,38090.21,15628.21,9509.21,17.765,6.7
13-Dec-21,30169.53,18193.53,10810.53,33.033,6.7
14-Dec-21,40794.39,15269.39,10032.39,33.033,6.7
15-Dec-21,7653.77,12559.77,5034.77,33.033,6.7
16-Dec-21,42353.81,14149.81,9287.81,33.033,6.7
17-Dec-21,37981.83,13341.83,7823.83,33.033,6.7
18-Dec-21,38063.65,14346.65,9665.65,17.765,6.7
19-Dec-21,15478.63,12912.63,5794.63,17.765,6.7
20-Dec-21,41372.72,13961.72,8896.72,33.033,6.7
21-Dec-21,42029.39,13500.39,8931.39,33.033,6.7
22-Dec-21,29954.27,12281.27,8278.27,33.033,6.7
23-Dec-21,40686.7,9894.7,6308.7,33.033,6.7
24-Dec-21,41642.42,11217.42,6334.42,33.033,6.7
25-Dec-21,30492.76,13150.76,8851.76,17.765,6.7
26-Dec-21,23649.47,11348.47,6878.47,17.765,6.7
27-Dec-21,39705.88,11718.88,8014.88,33.033,6.7
28-Dec-21,39967.29,13549.29,10024.29,33.033,6.7
29-Dec-21,42021.57,13584.57,8817.57,33.033,6.7
30-Dec-21,41757.15,15105.15,9798.15,33.033,6.7
31-Dec-21,39647.83,14829.83,8445.83,33.033,6.7
01-Jan-22,33265.97,22537.97,14446.97,17.765,6.7
02-Jan-22,33643.31,8513.31,4767.31,17.765,6.7
03-Jan-22,42064.45,12182.45,8256.45,33.033,6.7
04-Jan-22,28615.2,10130.2,5865.2,33.033,6.7
05-Jan-22,25517.93,13258.93,8566.93,33.033,6.7
06-Jan-22,31784.42,16108.42,9059.42,29.7,7.1
07-Jan-22,20148.7,12687.7,6702.7,29.7,7.1
08-Jan-22,22480.01,12080.01,7165.01,15.95,7.1
09-Jan-22,39916.79,13701.79,9476.79,15.95,7.1
10-Jan-22,39707.35,14413.35,8134.35,29.7,7.1
11-Jan-22,37816,16657,10291,29.7,7.1
12-Jan-22,32050.85,13135.85,7582.85,29.7,7.1
13-Jan-22,34471.96,21640.96,12510.96,29.7,7.1
14-Jan-22,25734.75,17409.75,7940.75,29.7,7.1
15-Jan-22,21598.14,11753.14,6931.14,15.95,7.1
16-Jan-22,40423.12,18791.12,11834.12,15.95,7.1
17-Jan-22,24712.42,12634.42,7133.42,29.7,7.1
18-Jan-22,28349.55,13692.55,9273.55,29.7,7.1
19-Jan-22,41145.94,12658.94,8492.94,29.7,7.1
20-Jan-22,40525.97,11784.97,7127.97,29.7,7.1
21-Jan-22,40102.13,17276.13,9276.13,29.7,7.1
22-Jan-22,38257.68,19422.68,11434.68,15.95,7.1
23-Jan-22,36369.8,20100.8,9819.8,15.95,7.1
24-Jan-22,36037.9,28433.9,15218.9,29.7,7.1
25-Jan-22,37371.17,24766.17,16862.17,29.7,7.1
26-Jan-22,28972.97,21633.97,10482.97,29.7,7.1
27-Jan-22,33717.89,17793.89,9606.89,29.7,7.1
28-Jan-22,16563.16,20110.16,7666.16,29.7,7.1
29-Jan-22,13116.86,12103.86,5066.86,15.95,7.1
30-Jan-22,32179.73,14879.73,9039.73,15.95,7.1
31-Jan-22,27691.34,18549.34,8977.34,29.7,7.1
01-Feb-22,21432.54,12401.54,6986.54,29.7,7.1
02-Feb-22,20343.22,12904.22,5698.22,29.7,7.1
03-Feb-22,21788.18,11627.18,6217.18,29.7,7.1
04-Feb-22,33609.22,15358.22,8952.22,29.7,7.1
05-Feb-22,35092.02,9628.02,5383.02,15.95,7.1
06-Feb-22,36534.41,13943.41,8957.41,15.95,7.1
07-Feb-22,38783.46,13275.46,8121.46,29.7,7.1
08-Feb-22,32573.98,14501.98,8252.98,29.7,7.1
09-Feb-22,22624.1,10051.1,5759.1,29.7,7.1
10-Feb-22,26951.73,14251.73,7352.73,29.7,7.1
11-Feb-22,31033.77,10628.77,7530.77,29.7,7.1
12-Feb-22,35734.32,10766.32,6301.32,15.95,7.1
13-Feb-22,30888.74,14696.74,8865.74,15.95,7.1
14-Feb-22,36844.06,18994.06,13025.06,29.7,7.1
15-Feb-22,31782.79,12335.79,7383.79,29.7,7.1
16-Feb-22,19434.84,11840.84,6030.84,29.7,7.1
17-Feb-22,25629.79,13650.79,7387.79,29.7,7.1
18-Feb-22,27235.09,12225.09,7009.09,29.7,7.1
19-Feb-22,37717.04,14647.04,9199.04,15.95,7.1
20-Feb-22,26000.12,15497.12,8456.12,15.95,7.1
21-Feb-22,30948.55,12465.55,7165.55,29.7,7.1
22-Feb-22,37074.85,12856.85,7016.85,29.7,7.1
23-Feb-22,32391.41,14805.41,7121.41,29.7,7.1
24-Feb-22,19849.1,10948.1,6188.1,29.7,7.1
25-Feb-22,29538.18,10182.18,6591.18,29.7,7.1
26-Feb-22,31620.57,10585.57,6147.57,15.95,7.1
27-Feb-22,23068.13,11040.13,6850.13,15.95,7.1
28-Feb-22,25999.08,13616.08,7493.08,29.7,7.1
01-Mar-22,14543.77,12262.77,5987.77,29.7,7.1
02-Mar-22,25647.14,11379.14,6352.14,29.7,7.1
03-Mar-22,34349.33,18311.33,11119.33,29.7,7.1
04-Mar-22,21213.3,21164.3,10855.3,29.7,7.1
05-Mar-22,9971.75,13641.75,4624.75,15.95,7.1
06-Mar-22,17670.81,11159.81,6246.81,15.95,7.1
07-Mar-22,31084.87,11437.87,5546.87,29.7,7.1
08-Mar-22,18763.45,11412.45,5956.45,29.7,7.1
09-Mar-22,27622.29,11012.29,7407.29,29.7,7.1
10-Mar-22,25335.31,11619.31,6037.31,29.7,7.1
11-Mar-22,23553.06,13450.06,6648.06,29.7,7.1
12-Mar-22,32836.52,10951.52,6155.52,15.95,7.1
13-Mar-22,27786.83,15884.83,9600.83,15.95,7.1
14-Mar-22,22442.4286,10240.4286,4961.4286,29.7,7.1
15-Mar-22,20282.6939,11245.6939,4553.6939,29.7,7.1
16-Mar-22,12591.6375,13120.6375,5267.6375,29.7,7.1
17-Mar-22,21379.5906,5950.5906,2712.5906,29.7,7.1
18-Mar-22,19109.5831,4762.5831,2423.5831,29.7,7.1
19-Mar-22,29626.4247,5859.4247,3000.4247,15.95,7.1
20-Mar-22,23579.5928,7305.5928,3692.5928,15.95,7.1
21-Mar-22,29549.7583,12343.7583,8093.7583,29.7,7.1
22-Mar-22,11756.6364,10513.6364,3918.6364,29.7,7.1
23-Mar-22,22300.3189,14452.3189,6661.3189,29.7,7.1
24-Mar-22,30650.9561,11703.9561,4256.9561,29.7,7.1
25-Mar-22,27861.5108,11489.5108,5511.5108,29.7,7.1
26-Mar-22,29272.7906,12949.7906,5561.7906,15.95,7.1
27-Mar-22,28157.7192,13430.7192,4807.7192,15.95,7.1
28-Mar-22,20663.1144,10944.1144,5067.1144,29.7,7.1
29-Mar-22,20307.4586,12352.4586,5933.4586,29.7,7.1
30-Mar-22,14986.4578,13176.4578,6564.4578,29.7,7.1
31-Mar-22,19164.5667,14321.5667,6738.5667,29.7,7.1
01-Apr-22,18181.7394,16034.7394,7069.7394,29.7,7.1
02-Apr-22,5969.9714,14058.9714,5141.9714,15.95,7.1
03-Apr-22,8681.3886,18732.3886,5820.3886,15.95,7.1
04-Apr-22,8287.8039,13234.8039,3414.8039,29.7,7.1
05-Apr-22,20514.9008,11874.9008,6612.9008,29.7,7.1
06-Apr-22,17150.0119,9040.0119,3597.0119,29.7,7.1
07-Apr-22,19025.2153,10895.2153,3958.2153,29.7,7.1
08-Apr-22,18922.4203,11802.4203,4080.4203,29.7,7.1
09-Apr-22,14170.0869,6967.0869,3093.0869,15.95,7.1
10-Apr-22,22377.0467,10776.0467,4286.0467,15.95,7.1
11-Apr-22,12648.0775,9108.0775,1973.0775,29.7,7.1
12-Apr-22,11611.9036,17622.9036,5047.9036,29.7,7.1
13-Apr-22,23771.285,12256.285,4121.285,29.7,7.1
14-Apr-22,20477.5928,10141.5928,2953.5928,29.7,7.1
15-Apr-22,17817.5006,10179.5006,4642.5006,29.7,7.1
16-Apr-22,20034.9214,9800.9214,3600.9214,15.95,7.1
17-Apr-22,22256.2911,10888.2911,5429.2911,15.95,7.1
18-Apr-22,3070.59,12144.59,2381.59,29.7,7.1
19-Apr-22,2550.9342,18940.9342,2334.9342,29.7,7.1
20-Apr-22,11222.5406,16205.5406,5159.5406,29.7,7.1
21-Apr-22,10925.0531,16071.0531,4798.0531,29.7,7.1
22-Apr-22,22691.6642,18483.6642,5188.6642,29.7,7.1
23-Apr-22,19687.9708,16986.9708,4967.9708,15.95,7.1
24-Apr-22,17079.2044,17821.2044,6606.2044,15.95,7.1
25-Apr-22,21072.3386,17377.3386,4929.3386,29.7,7.1
26-Apr-22,15304.7528,12579.7528,3964.7528,29.7,7.1
27-Apr-22,10368.8967,15016.8967,3820.8967,29.7,7.1
28-Apr-22,8734.9311,8403.9311,3926.9311,29.7,7.1
29-Apr-22,7712.0958,10237.0958,3451.0958,29.7,7.1
30-Apr-22,12994.3186,13594.3186,3461.3186,15.95,7.1
01-May-22,14204.7944,16932.7944,6335.7944,15.95,7.1
02-May-22,15646.6175,14766.6175,6889.6175,29.7,7.1
03-May-22,16779.4617,10567.4617,3806.4617,29.7,7.1
04-May-22,7311.7319,15185.7319,4154.7319,29.7,7.1
05-May-22,10911.8386,16692.8386,4549.8386,29.7,7.1
06-May-22,13758.9575,25935.9575,9086.9575,29.7,7.1
07-May-22,5031.7025,19753.7025,4268.7025,15.95,7.1
08-May-22,10185.6925,18533.6925,4082.6925,15.95,7.1
09-May-22,13545.7819,18339.7819,7173.7819,29.7,7.1
10-May-22,17480.6814,18529.6814,5609.6814,29.7,7.1
11-May-22,8098.4106,23527.4106,7318.4106,29.7,7.1
12-May-22,10090.2578,17429.2578,4423.2578,29.7,7.1
13-May-22,7598.4569,17827.4569,4440.4569,29.7,7.1
14-May-22,3065.3978,16039.3978,3016.3978,15.95,7.1
15-May-22,12225.0092,14121.0092,5259.0092,15.95,7.1
16-May-22,8042.6511,20890.6511,4455.6511,29.7,7.1
17-May-22,10257.5606,25509.5606,7169.5606,29.7,7.1
18-May-22,10304.7831,28613.7831,7856.7831,29.7,7.1
19-May-22,7753.3081,22034.3081,6661.3081,29.7,7.1
20-May-22,11746.9611,25998.9611,7545.9611,29.7,7.1
21-May-22,17239.3378,21774.3378,5277.3378,15.95,7.1
22-May-22,13839.7475,21429.7475,6659.7475,15.95,7.1
23-May-22,16919.6728,22874.6728,8908.6728,29.7,7.1
24-May-22,16765.1408,16745.1408,4449.1408,29.7,7.1
25-May-22,13780.2161,22033.2161,6441.2161,29.7,7.1
26-May-22,4997.7233,20509.7233,3636.7233,29.7,7.1
27-May-22,9285.2875,18336.2875,5413.2875,29.7,7.1
28-May-22,8035.1244,19051.1244,5621.1244,15.95,7.1
29-May-22,11324.6764,21189.6764,5525.6764,15.95,7.1
30-May-22,3347.1139,27058.1139,3347.1139,29.7,7.1
31-May-22,8172.7833,26788.7833,6617.7833,29.7,7.1
01-Jun-22,6896.2317,25144.2317,3903.2317,29.7,7.1
02-Jun-22,12372.99,22495.99,5164.99,29.7,7.1
03-Jun-22,8937.4089,34459.4089,8339.4089,29.7,7.1
04-Jun-22,8536.69,34846.69,6647.69,15.95,7.1
05-Jun-22,4271.6997,37965.6997,4069.6997,15.95,7.1
06-Jun-22,6887.2661,32239.2661,5015.2661,29.7,7.1
07-Jun-22,11134.1217,28141.1217,6331.1217,29.7,7.1
08-Jun-22,6974.8461,35574.8461,6397.8461,29.7,7.1
09-Jun-22,6130.3164,27988.3164,3111.3164,22.6875,6.7
10-Jun-22,6723.3622,27108.3622,6099.3622,22.6875,6.7
11-Jun-22,5333.2289,31567.2289,5231.2289,22.6875,6.7
12-Jun-22,7219.7792,27633.7792,5040.7792,22.6875,6.7
13-Jun-22,6757.3567,29119.3567,6046.3567,22.6875,6.7
14-Jun-22,8139.9486,19737.9486,3271.9486,22.6875,6.7
15-Jun-22,6078.8286,25549.8286,4343.8286,22.6875,6.7
16-Jun-22,6520.4278,23333.4278,3662.4278,22.6875,6.7
17-Jun-22,7781.7767,6604.7767,1189.7767,22.6875,6.7
18-Jun-22,14817.0739,3254.0739,1373.0739,22.6875,6.7
19-Jun-22,13418.24,3201.24,1338.24,22.6875,6.7
20-Jun-22,9963.4567,3129.4567,1234.4567,22.6875,6.7
21-Jun-22,10184.8789,3286.8789,1266.8789,22.6875,6.7
22-Jun-22,6923.9964,3032.9964,1152.9964,22.6875,6.7
23-Jun-22,7986.7406,3065.7406,1237.7406,22.6875,6.7
24-Jun-22,9418.5386,3126.5386,1247.5386,22.6875,6.7
25-Jun-22,11465.4208,3163.4208,1296.4208,22.6875,6.7
26-Jun-22,5223.4444,3132.4444,1104.4444,22.6875,6.7
27-Jun-22,6350.5606,6923.5606,1136.5606,22.6875,6.7
28-Jun-22,9536.7897,26560.7897,5895.7897,22.6875,6.7
29-Jun-22,7871.4475,21602.4475,5357.4475,22.6875,6.7
30-Jun-22,13455.6381,21859.6381,4098.6381,22.6875,6.7
01-Jul-22,8612.7531,22106.7531,6069.7531,22.6875,6.7
02-Jul-22,12050.63,26334.63,6578.63,22.6875,6.7
03-Jul-22,9970.5953,34015.5953,7259.5953,22.6875,6.7
04-Jul-22,15717.8061,29216.8061,5367.8061,22.6875,6.7
05-Jul-22,14290.2394,25364.2394,4479.2394,22.6875,6.7
06-Jul-22,15876.6422,35286.6422,9205.6422,22.6875,6.7
07-Jul-22,9699.5842,40402.5842,8960.5842,22.6875,6.7
08-Jul-22,8594.7014,29323.7014,7111.7014,22.6875,6.7
09-Jul-22,7958.2047,25487.2047,4231.2047,22.6875,6.7
10-Jul-22,14841.6519,38212.6519,9298.6519,22.6875,6.7
11-Jul-22,13815.6706,37749.6706,5675.6706,22.6875,6.7
12-Jul-22,3746.2364,28876.2364,3702.2364,22.6875,6.7
13-Jul-22,11302.9372,27859.9372,6239.9372,22.6875,6.7
14-Jul-22,6153.6069,27189.6069,4390.6069,22.6875,6.7
15-Jul-22,12211.2656,28025.2656,6115.2656,22.6875,6.7
16-Jul-22,7383.0381,25355.0381,4263.0381,22.6875,6.7
17-Jul-22,9875.9603,28587.9603,6171.9603,22.6875,6.7
18-Jul-22,11744.7231,31367.7231,4776.7231,22.6875,6.7
19-Jul-22,17367.5992,25869.5992,4922.5992,22.6875,6.7
20-Jul-22,17292.0444,34175.0444,9956.0444,22.6875,6.7
21-Jul-22,16882.17,28221.17,5217.17,22.6875,6.7
22-Jul-22,15287.8569,32763.8569,7255.8569,22.6875,6.7
23-Jul-22,5569.6572,23643.6572,4852.6572,22.6875,6.7
24-Jul-22,14709.2925,24924.2925,6653.2925,22.6875,6.7
25-Jul-22,4564.4928,22976.4928,3495.4928,22.6875,6.7
26-Jul-22,8358.8017,22424.8017,5748.8017,22.6875,6.7
27-Jul-22,8888.4983,29553.4983,6583.4983,22.6875,6.7
28-Jul-22,12278.5356,26190.5356,6052.5356,22.6875,6.7
29-Jul-22,13140.2856,36311.2856,9945.2856,22.6875,6.7
30-Jul-22,19102.2575,38687.2575,10031.2575,22.6875,6.7
31-Jul-22,6423.1094,26498.1094,4129.1094,22.6875,6.7
01-Aug-22,11320.0897,28860.0897,7742.0897,22.6875,6.7
02-Aug-22,17276.0269,25784.0269,5684.0269,22.6875,6.7
03-Aug-22,17165.3581,22234.3581,6635.3581,22.6875,6.7
04-Aug-22,10763.5308,17266.5308,3474.5308,22.6875,6.7
05-Aug-22,6607.0942,30143.0942,6247.0942,22.6875,6.7
06-Aug-22,8385.0353,29222.0353,6987.0353,22.6875,6.7
07-Aug-22,15660.8658,29105.8658,9057.8658,22.6875,6.7
08-Aug-22,19958.5272,23666.5272,6204.5272,22.6875,6.7
09-Aug-22,16421.0433,32585.0433,9837.0433,22.6875,6.7
10-Aug-22,12732.285,29175.285,7723.285,22.6875,6.7
11-Aug-22,4953.0239,19698.0239,2482.0239,22.6875,6.7
12-Aug-22,6679.7631,28217.7631,5624.7631,22.6875,6.7
13-Aug-22,15701.0714,27726.0714,6575.0714,22.6875,6.7
14-Aug-22,3870.405,33707.405,3870.405,22.6875,6.7
15-Aug-22,11450.9353,21210.9353,3996.9353,22.6875,6.7
16-Aug-22,10715.3739,24736.3739,5975.3739,22.6875,6.7
17-Aug-22,14139.0158,31947.0158,9866.0158,22.6875,6.7
18-Aug-22,4753.3556,23284.3556,3735.3556,22.6875,6.7
19-Aug-22,17363.9636,28103.9636,8518.9636,22.6875,6.7
20-Aug-22,19527.2544,21384.2544,6530.2544,22.6875,6.7
21-Aug-22,20358.2475,28408.2475,9690.2475,22.6875,6.7
22-Aug-22,11835.7014,25925.7014,5913.7014,22.6875,6.7
23-Aug-22,15996.4275,32973.4275,9190.4275,22.6875,6.7
24-Aug-22,6887.3653,27960.3653,6276.3653,22.6875,6.7
25-Aug-22,11315.2544,26302.2544,7799.2544,22.6875,6.7
26-Aug-22,9198.3058,21405.3058,5041.3058,22.6875,6.7
27-Aug-22,23302.2872,21267.2872,5970.2872,22.6875,6.7
28-Aug-22,18519.5083,17509.5083,6402.5083,22.6875,6.7
29-Aug-22,3988.675,18108.675,2883.675,22.6875,6.7
30-Aug-22,6497.1281,34504.1281,6395.1281,22.6875,6.7
31-Aug-22,22336.8403,30540.8403,13358.8403,22.6875,6.7
01-Sep-22,11711.8758,18425.8758,2334.8758,22.6875,6.7
02-Sep-22,14560.1397,26700.1397,7463.1397,22.6875,6.7
03-Sep-22,12736.1542,32255.1542,7539.1542,22.6875,6.7
04-Sep-22,9495.7856,33651.7856,8775.7856,22.6875,6.7
05-Sep-22,22304.3164,22144.3164,6484.3164,22.6875,6.7
06-Sep-22,22483.2764,23920.2764,8813.2764,22.6875,6.7
07-Sep-22,24394.3697,23884.3697,9011.3697,22.6875,6.7
08-Sep-22,6608.0931,15805.0931,2918.0931,22.6875,6.7
09-Sep-22,19244.13,22458.13,9315.13,22.6875,6.7
10-Sep-22,16696.4881,22407.4881,6237.4881,22.6875,6.7
11-Sep-22,12583.0942,25601.0942,7714.0942,22.6875,6.7
12-Sep-22,17437.595,16185.595,2887.595,22.6875,6.7
13-Sep-22,15563.2889,20832.2889,4010.2889,22.6875,6.7
14-Sep-22,28835.6972,17933.6972,5377.6972,22.6875,6.7
15-Sep-22,13299.27,29337.27,9192.27,22.6875,6.7
16-Sep-22,13738.6108,27988.6108,8491.6108,22.6875,6.7
17-Sep-22,8366.3019,21866.3019,5122.3019,22.6875,6.7
18-Sep-22,12393.5406,26538.5406,6906.5406,22.6875,6.7
19-Sep-22,15782.7067,21851.7067,5483.7067,22.6875,6.7
20-Sep-22,29729.7961,21512.7961,8828.7961,22.6875,6.7
21-Sep-22,11312.8844,20561.8844,7281.8844,22.6875,6.7
22-Sep-22,27549.9169,15612.9169,5645.9169,22.6875,6.7
23-Sep-22,7566.41,15618.41,3669.41,22.6875,6.7
24-Sep-22,23979.8703,20639.8703,7665.8703,22.6875,6.7
25-Sep-22,29659.0228,16382.0228,5358.0228,22.6875,6.7
26-Sep-22,12079.3111,19655.3111,6730.3111,22.6875,6.7
27-Sep-22,12260.9811,20137.9811,6838.9811,22.6875,6.7
28-Sep-22,13931.5103,18942.5103,6068.5103,22.6875,6.7
29-Sep-22,22698.5278,14085.5278,4360.5278,22.6875,6.7
30-Sep-22,23551.1572,19416.1572,8256.1572,22.6875,6.7
01-Oct-22,34307.6186,17755.6186,9114.6186,22.6875,6.7
02-Oct-22,34177.2881,18847.2881,9687.2881,22.6875,6.7
03-Oct-22,29951.9003,11477.9003,3773.9003,22.6875,6.7
04-Oct-22,24238.9469,17859.9469,6543.9469,22.6875,6.7
05-Oct-22,7427.1539,25406.1539,6590.1539,22.6875,6.7
06-Oct-22,26646.7517,10930.7517,3027.7517,22.6875,6.7
07-Oct-22,15387.4914,20547.4914,7359.4914,22.6875,6.7
08-Oct-22,27126.7592,12428.7592,5938.7592,22.6875,6.7
09-Oct-22,26386.9033,23316.9033,12378.9033,22.6875,6.7
10-Oct-22,35525.3197,16691.3197,6103.3197,22.6875,6.7
11-Oct-22,25459.7286,12482.7286,3665.7286,22.6875,6.7
12-Oct-22,6903.8469,16836.8469,5224.8469,22.6875,6.7
13-Oct-22,4943.5294,19714.5294,3282.5294,22.6875,6.7
14-Oct-22,20026.2428,19618.2428,9193.2428,22.6875,6.7
15-Oct-22,21801.2683,17012.2683,8409.2683,22.6875,6.7
16-Oct-22,29713.985,23751.985,12957.985,22.6875,6.7
17-Oct-22,37531.7508,14587.7508,4965.7508,22.6875,6.7
18-Oct-22,27661.0342,15312.0342,5859.0342,22.6875,6.7
19-Oct-22,37356.47,17292.47,7233.47,22.6875,6.7
20-Oct-22,36626.6361,14962.6361,7004.6361,22.6875,6.7
21-Oct-22,20517.5175,14310.5175,6666.5175,22.6875,6.7
22-Oct-22,13688.5911,28584.5911,12126.5911,22.6875,6.7
23-Oct-22,23660.8311,47020.8311,22446.8311,22.6875,6.7
24-Oct-22,21338.6289,10928.6289,5699.6289,22.6875,6.7
25-Oct-22,22837.4397,13237.4397,5888.4397,22.6875,6.7
26-Oct-22,12350.5656,13527.5656,5127.5656,22.6875,6.7
27-Oct-22,11602.7425,19017.7425,7616.7425,22.6875,6.7
28-Oct-22,10336.2575,21714.2575,7303.2575,22.6875,6.7
29-Oct-22,19403.2747,22311.2747,9965.2747,22.6875,6.7
30-Oct-22,30840.4297,20662.4297,11402.4297,22.6875,6.7
31-Oct-22,10961.5111,16355.5111,6776.5111,22.6875,6.7
01-Nov-22,14592.9008,25410.9008,9712.9008,22.6875,6.7
02-Nov-22,22613.5372,27738.5372,12516.5372,22.6875,6.7
03-Nov-22,23977.7378,23182.7378,10731.7378,22.6875,6.7
04-Nov-22,27954.2469,18983.2469,9225.2469,22.6875,6.7
05-Nov-22,31577.2006,17172.2006,8907.2006,22.6875,6.7
06-Nov-22,29298.0364,14848.0364,7202.0364,22.6875,6.7
07-Nov-22,25952.1333,14315.1333,6209.1333,22.6875,6.7
08-Nov-22,15341.6764,5843.6764,3768.6764,22.6875,6.7
09-Nov-22,0,0,0,22.6875,6.7
10-Nov-22,0,0,0,22.6875,6.7
11-Nov-22,0,0,0,22.6875,6.7
12-Nov-22,0,0,0,22.6875,6.7
13-Nov-22,0,0,0,22.6875,6.7
14-Nov-22,10152.5353,15924.2202,4239.4779,22.6875,6.7
15-Nov-22,23094.9725,26127.9725,11973.9725,22.6875,6.7
16-Nov-22,28337.3711,30329.3711,13931.3711,22.6875,6.7
17-Nov-22,12667.8283,21036.8283,6959.8283,22.6875,6.7
18-Nov-22,39071.0183,19960.0183,10980.0183,22.6875,6.7
19-Nov-22,16509.7147,13965.7147,7678.7147,22.6875,6.7
20-Nov-22,26380.3333,18660.3333,9753.3333,22.6875,6.7
21-Nov-22,26689.16,28574.16,12663.16,22.6875,6.7
22-Nov-22,14075.1286,28223.1286,10136.1286,22.6875,6.7
23-Nov-22,19119.4472,22939.4472,9194.4472,22.6875,6.7
24-Nov-22,20029.8094,17370.8094,8717.8094,22.6875,6.7
25-Nov-22,29109.9267,17852.9267,10309.9267,22.6875,6.7
26-Nov-22,29711.1639,16164.1639,8404.1639,22.6875,6.7
27-Nov-22,24286.4183,14009.4183,8616.4183,22.6875,6.7
28-Nov-22,18878.2011,19945.2011,8691.2011,22.6875,6.7
29-Nov-22,36889.9336,11868.9336,6785.9336,22.6875,6.7
30-Nov-22,29667.8672,16913.8672,9187.8672,22.6875,6.7
01-Dec-22,28722.1586,8129.1586,3732.1586,22.6875,6.7
02-Dec-22,41048.2464,14922.2464,10204.2464,22.6875,6.7
03-Dec-22,30624.5492,13337.5492,7834.5492,22.6875,6.7
04-Dec-22,38804.31,18499.31,12196.31,22.6875,6.7
05-Dec-22,13888.7167,10635.7167,4034.7167,22.6875,6.7
06-Dec-22,35465.525,9448.525,4338.525,22.6875,6.7
07-Dec-22,33459.1128,11636.1128,6361.1128,22.6875,6.7
08-Dec-22,34507.3575,19448.3575,9400.3575,22.6875,6.7
09-Dec-22,30849.3697,15120.3697,8754.3697,22.6875,6.7
10-Dec-22,41695.2781,16207.2781,7864.2781,22.6875,6.7
11-Dec-22,21938.1681,15725.1681,6087.1681,22.6875,6.7
12-Dec-22,19569.1281,12169.1281,3212.1281,22.6875,6.7
13-Dec-22,20637.0478,24413.0478,10780.0478,22.6875,6.7
14-Dec-22,29787.1056,26534.1056,13893.1056,22.6875,6.7
15-Dec-22,29649.8389,11789.8389,4792.8389,22.6875,6.7
16-Dec-22,33332.5711,18293.5711,9626.5711,22.6875,6.7
17-Dec-22,42442.0914,13649.0914,6027.0914,22.6875,6.7
18-Dec-22,42584.9567,13486.9567,7044.9567,22.6875,6.7
19-Dec-22,42803.2069,11934.2069,7107.2069,22.6875,6.7
20-Dec-22,41872.8114,8160.8114,4980.8114,22.6875,6.7
21-Dec-22,33928.3567,12039.3567,7352.3567,22.6875,6.7
22-Dec-22,19239.6714,8280.6714,3532.6714,22.6875,6.7
23-Dec-22,36696.8311,5024.8311,3233.8311,22.6875,6.7
24-Dec-22,41436.2647,5005.2647,3391.2647,22.6875,6.7
25-Dec-22,41281.4214,5343.4214,3603.4214,22.6875,6.7
26-Dec-22,38330.2131,5301.2131,3639.2131,22.6875,6.7
27-Dec-22,38639.1681,5547.1681,3672.1681,22.6875,6.7
28-Dec-22,7090.0831,6321.0831,2552.0831,22.6875,6.7
29-Dec-22,27061.7861,17805.7861,12132.7861,22.6875,6.7
30-Dec-22,34235.6683,14886.6683,9450.6683,22.6875,6.7
31-Dec-22,37296.2044,25498.2044,16686.2044,22.6875,6.7
01-Jan-23,33615.7614,25096.7614,14446.7614,22.6875,6.7
02-Jan-23,28836.7681,19325.7681,11725.7681,22.6875,6.7
03-Jan-23,15023.0383,11188.0383,5590.0383,22.6875,6.7
04-Jan-23,15541.0214,13963.0214,5468.0214,22.6875,6.7
05-Jan-23,27426.4061,11849.4061,6156.4061,22.6875,6.7
06-Jan-23,40147.5844,10874.5844,6625.5844,22.6875,6.7
07-Jan-23,38631.645,9029.645,5037.645,22.6875,6.7
08-Jan-23,40800.4208,15309.4208,7871.4208,22.6875,6.7
09-Jan-23,37684.3878,11227.3878,6379.3878,22.6875,6.7
10-Jan-23,33245.7872,13605.7872,7703.7872,22.6875,6.7
11-Jan-23,39900.2978,16351.2978,9569.2978,22.6875,6.7
12-Jan-23,38692.4197,11873.4197,5361.4197,22.6875,6.7
13-Jan-23,32996.8767,14849.8767,6326.8767,22.6875,6.7
14-Jan-23,39130.9708,23722.9708,13330.9708,22.6875,6.7
15-Jan-23,21783.7306,14805.7306,8398.7306,22.6875,6.7
16-Jan-23,35122.5922,10872.5922,5607.5922,22.6875,6.7
17-Jan-23,32739.0614,12513.0614,4973.0614,22.6875,6.7
18-Jan-23,5988.9086,13977.9086,4585.9086,22.6875,6.7
19-Jan-23,27641.6411,6596.6411,3250.6411,22.6875,6.7
20-Jan-23,40455.3156,10772.3156,5788.3156,22.6875,6.7
21-Jan-23,38159.6108,11116.6108,7621.6108,22.6875,6.7
22-Jan-23,31998.3725,14113.3725,8450.3725,22.6875,6.7
23-Jan-23,39657.6236,11489.6236,5220.6236,22.6875,6.7
24-Jan-23,17513.695,10034.695,4600.695,22.6875,6.7
25-Jan-23,34188.8775,11320.8775,6841.8775,22.6875,6.7
26-Jan-23,25568.7458,12495.7458,7256.7458,22.6875,6.7
27-Jan-23,39928.54,10526.54,6431.54,22.6875,6.7
28-Jan-23,22624.6633,14036.6633,7050.6633,22.6875,6.7
29-Jan-23,13519.9447,12851.9447,6121.9447,22.6875,6.7
30-Jan-23,23552.9961,11865.9961,6271.9961,22.6875,6.7
31-Jan-23,35738.6028,10185.6028,4967.6028,22.6875,6.7
01-Feb-23,21656.2114,10380.2114,6317.2114,22.6875,6.7
02-Feb-23,19456.1508,9735.1508,2824.1508,22.6875,6.7
03-Feb-23,22419.4978,20696.4978,8030.4978,22.6875,6.7
04-Feb-23,19267.9547,21483.9547,9851.9547,22.6875,6.7
05-Feb-23,17490.825,18951.825,9760.825,22.6875,6.7
06-Feb-23,24246.8814,13510.8814,7507.8814,22.6875,6.7
07-Feb-23,34553.6011,14452.6011,9452.6011,22.6875,6.7
08-Feb-23,34577.2978,11125.2978,5272.2978,22.6875,6.7
09-Feb-23,37282.9678,8740.9678,3998.9678,22.6875,6.7
10-Feb-23,38007.4925,15050.4925,8439.4925,22.6875,6.7
11-Feb-23,37902.9994,12476.9994,6135.9994,22.6875,6.7
12-Feb-23,31203.0814,14744.0814,7919.0814,22.6875,6.7
13-Feb-23,22386.205,9203.205,3236.205,22.6875,6.7
14-Feb-23,38440.3331,12304.3331,4720.3331,22.6875,6.7
15-Feb-23,29059.8789,13175.8789,6548.8789,22.6875,6.7
16-Feb-23,31296.9456,15533.9456,4861.9456,22.6875,6.7
17-Feb-23,33112.9008,15785.9008,8757.9008,22.6875,6.7
18-Feb-23,32287.3697,13894.3697,7934.3697,22.6875,6.7
19-Feb-23,36611.395,13871.395,6886.395,22.6875,6.7
20-Feb-23,35836.1361,12496.1361,5453.1361,22.6875,6.7
21-Feb-23,33997.4142,12845.4142,6464.4142,22.6875,6.7
22-Feb-23,32874.8736,14460.8736,7647.8736,22.6875,6.7
23-Feb-23,33862.4417,14450.4417,6882.4417,22.6875,6.7
24-Feb-23,34875.9078,15650.9078,6485.9078,22.6875,6.7
25-Feb-23,5741.5564,12069.5564,3918.5564,22.6875,6.7
26-Feb-23,23761.8769,15793.8769,8442.8769,22.6875,6.7
27-Feb-23,9895.5,11620.5,3477.5,22.6875,6.7
28-Feb-23,7911.4639,10504.4639,2653.4639,22.6875,6.7
01-Mar-23,24130.1761,14690.1761,7300.1761,22.6875,6.7
02-Mar-23,11515.6239,13890.6239,4860.6239,22.6875,6.7
03-Mar-23,34625.6042,11627.6042,6352.6042,22.6875,6.7
04-Mar-23,24230.8219,11505.8219,6055.8219,22.6875,6.7
05-Mar-23,24149.4786,10566.4786,3616.4786,22.6875,6.7
06-Mar-23,26538.385,13829.385,6965.385,22.6875,6.7
07-Mar-23,22435.5583,10832.5583,5311.5583,22.6875,6.7
08-Mar-23,19202.4208,17069.4208,6704.4208,22.6875,6.7
09-Mar-23,22280.2786,14388.2786,6511.2786,22.6875,6.7
10-Mar-23,28213.3533,15855.3533,9286.3533,22.6875,6.7
11-Mar-23,30243.5247,10291.5247,4933.5247,22.6875,6.7
12-Mar-23,13483.7717,18753.7717,7199.7717,22.6875,6.7
13-Mar-23,32420.0728,13999.0728,8049.0728,22.6875,6.7
14-Mar-23,26402.9247,9179.9247,3483.9247,22.6875,6.7
15-Mar-23,26353.6622,13149.6622,6753.6622,22.6875,6.7
16-Mar-23,21889.3506,8640.3506,3108.3506,22.6875,6.7
17-Mar-23,31399.1936,11212.1936,6006.1936,22.6875,6.7
18-Mar-23,14280.9922,10224.9922,3514.9922,22.6875,6.7
19-Mar-23,8442.1178,10478.1178,3663.1178,22.6875,6.7
20-Mar-23,30405.2864,9635.2864,2802.2864,22.6875,6.7
21-Mar-23,7469.5322,13160.5322,3485.5322,22.6875,6.7
22-Mar-23,21158.8017,14197.8017,7171.8017,22.6875,6.7
23-Mar-23,21489.9475,8787.9475,2787.9475,22.6875,6.7
24-Mar-23,12670.2297,11105.2297,4207.2297,22.6875,6.7
25-Mar-23,25269.0656,16103.0656,7942.0656,22.6875,6.7
26-Mar-23,19018.39,16414.39,6833.39,22.6875,6.7
27-Mar-23,6726.7439,13371.7439,3306.7439,22.6875,6.7
28-Mar-23,23319.7503,9366.7503,2753.7503,22.6875,6.7
29-Mar-23,10823.895,19608.895,5949.895,22.6875,6.7
30-Mar-23,16434.41,12664.41,2853.41,22.6875,6.7
31-Mar-23,16817.2431,15634.2431,6562.2431,22.6875,6.7
01-Apr-23,13733.6269,15539.6269,4067.6269,22.6875,6.7
02-Apr-23,27150.9428,23353.9428,10958.9428,22.6875,6.7
03-Apr-23,25501.3369,12010.3369,2803.3369,22.6875,6.7
04-Apr-23,21132.6133,10431.6133,2444.6133,22.6875,6.7
05-Apr-23,9296.3453,17318.3453,5804.3453,22.6875,6.7
06-Apr-23,17342.1072,12673.1072,5192.1072,22.6875,6.7
07-Apr-23,11541.4206,16426.4206,5810.4206,22.6875,6.7
08-Apr-23,15394.6444,18866.6444,6076.6444,22.6875,6.7
09-Apr-23,11581.9517,14459.9517,3180.9517,22.6875,6.7
10-Apr-23,10196.2547,22279.2547,7503.2547,22.6875,6.7
11-Apr-23,21784.8589,19003.8589,7113.8589,22.6875,6.7
12-Apr-23,14269.8508,16138.8508,5305.8508,22.6875,6.7
13-Apr-23,16533.7303,12577.7303,2944.7303,22.6875,6.7
14-Apr-23,24399.7917,17207.7917,5534.7917,22.6875,6.7
15-Apr-23,9110.7314,13294.7314,3952.7314,22.6875,6.7
16-Apr-23,10113.5942,26564.5942,7115.5942,22.6875,6.7
17-Apr-23,10217.7289,20976.7289,6406.7289,22.6875,6.7
18-Apr-23,20740.1369,13407.1369,4396.1369,22.6875,6.7
19-Apr-23,14046.4119,22807.4119,7550.4119,22.6875,6.7
20-Apr-23,15676.3092,15835.3092,2571.3092,22.6875,6.7
21-Apr-23,6995.3478,16028.3478,3479.3478,22.6875,6.7
22-Apr-23,12293.1194,14727.1194,4775.1194,22.6875,6.7
23-Apr-23,16039.6403,16535.6403,4579.6403,22.6875,6.7
24-Apr-23,20773.5711,12199.5711,4085.5711,22.6875,6.7
25-Apr-23,18154.3403,13036.3403,4848.3403,22.6875,6.7
26-Apr-23,18924.1589,14692.1589,5027.1589,22.6875,6.7
27-Apr-23,10433.3153,8931.3153,1957.3153,22.6875,6.7
28-Apr-23,10992.7494,10588.7494,2627.7494,22.6875,6.7
29-Apr-23,12864.7994,21828.7994,6724.7994,22.6875,6.7
30-Apr-23,19440.6211,26464.6211,8920.6211,22.6875,6.7
01-May-23,15575.3811,19900.3811,5489.3811,22.6875,6.7
02-May-23,10189.3339,21839.3339,6972.3339,22.6875,6.7
03-May-23,12871.1947,24501.1947,7630.1947,22.6875,6.7
04-May-23,10111.1719,17699.1719,3287.1719,22.6875,6.7
05-May-23,14885.8572,25182.8572,9608.8572,22.6875,6.7
06-May-23,7779.6142,27540.6142,5533.6142,22.6875,6.7
07-May-23,13102.9794,29198.9794,9317.9794,22.6875,6.7
08-May-23,8943.2928,25367.2928,6760.2928,22.6875,6.7
09-May-23,7476.0056,17937.0056,2583.0056,22.6875,6.7
10-May-23,7381.49,30717.49,6546.49,22.6875,6.7
11-May-23,18943.9939,20700.9939,4173.9939,22.6875,6.7
12-May-23,13515.2236,28733.2236,8298.2236,22.6875,6.7
13-May-23,13783.2836,27367.2836,9011.2836,22.6875,6.7
14-May-23,17589.7931,22369.7931,7328.7931,22.6875,6.7
15-May-23,17318.4844,29048.4844,7569.4844,22.6875,6.7
16-May-23,8531.5742,22332.5742,3762.5742,22.6875,6.7
17-May-23,16331.2369,29873.2369,8562.2369,22.6875,6.7
18-May-23,11110.9975,18402.9975,1865.9975,22.6875,6.7
19-May-23,11139.4764,29848.4764,7039.4764,22.6875,6.7
20-May-23,9932.0436,22574.0436,5379.0436,22.6875,6.7
21-May-23,10347.1031,29026.1031,6724.1031,22.6875,6.7
22-May-23,13049.8275,17754.8275,1684.8275,22.6875,6.7
23-May-23,14436.3703,27422.3703,7532.3703,22.6875,6.7
24-May-23,13495.5092,35133.5092,9254.5092,22.6875,6.7
25-May-23,2734.3094,18029.3094,1249.3094,22.6875,6.7
26-May-23,9508.8189,23053.8189,4663.8189,22.6875,6.7
27-May-23,10448.7489,27191.7489,6975.7489,22.6875,6.7
28-May-23,5485.5592,24782.5592,4881.5592,22.6875,6.7
29-May-23,10444.6144,25060.6144,5892.6144,22.6875,6.7
30-May-23,6987.9208,22825.9208,6027.9208,22.6875,6.7
31-May-23,3972.3983,24718.3983,3969.3983,22.6875,6.7
01-Jun-23,12525.8311,15143.8311,2006.8311,22.6875,6.7
02-Jun-23,12716.4533,26707.4533,8284.4533,22.6875,6.7
03-Jun-23,5939.4175,28761.4175,5351.4175,22.6875,6.7
04-Jun-23,14992.7639,22818.7639,7843.7639,22.6875,6.7
05-Jun-23,12683.7597,17941.7597,1853.7597,22.6875,6.7
06-Jun-23,5437.1006,15750.1006,1368.1006,22.6875,6.7
07-Jun-23,2781.3536,32905.3536,2781.3536,22.6875,6.7
08-Jun-23,10936.4408,14607.4408,1580.4408,22.6875,6.7
09-Jun-23,13388.3872,30936.3872,7341.3872,22.6875,6.7
10-Jun-23,8659.8444,31933.8444,6651.8444,22.6875,6.7
11-Jun-23,8437.6131,21476.6131,5040.6131,22.6875,6.7
12-Jun-23,9852.7836,25650.7836,6760.7836,22.6875,6.7
13-Jun-23,6922.265,26731.265,4304.265,22.6875,6.7
14-Jun-23,8198.3172,38144.3172,6886.3172,22.6875,6.7
15-Jun-23,5209.1775,36322.1775,5086.1775,22.6875,6.7
16-Jun-23,14938.6733,21199.6733,5072.6733,22.6875,6.7
17-Jun-23,10353.6733,15176.6733,4509.6733,22.6875,6.7
18-Jun-23,13637.4317,25860.4317,7176.4317,22.6875,6.7
19-Jun-23,9318.8078,31147.8078,5342.8078,22.6875,6.7
20-Jun-23,10017.5622,19606.5622,2323.5622,22.6875,6.7
21-Jun-23,13657.6683,33545.6683,10297.6683,22.6875,6.7
22-Jun-23,10296.18,26273.18,6548.18,22.6875,6.7
23-Jun-23,6564.1394,27178.1394,5565.1394,22.6875,6.7
24-Jun-23,11114.9794,27366.9794,6962.9794,22.6875,6.7
25-Jun-23,3788.3156,30424.3156,3787.3156,22.6875,6.7
26-Jun-23,4962.1169,30432.1169,4718.1169,22.6875,6.7
27-Jun-23,10589.2556,27492.2556,6460.2556,22.6875,6.7
28-Jun-23,3810.8,35020.8,3594.8,22.6875,6.7
29-Jun-23,6639.7617,22500.7617,1642.7617,22.6875,6.7
30-Jun-23,6991.305,31851.305,5962.305,22.6875,6.7
01-Jul-23,8076.1942,28070.1942,6021.1942,22.6875,6.7
02-Jul-23,4934.6239,30156.6239,4825.6239,22.6875,6.7
03-Jul-23,6907.1453,30665.1453,6726.1453,22.6875,6.7
04-Jul-23,4739.1125,24987.1125,4525.1125,22.6875,6.7
05-Jul-23,4619.1333,32004.1333,4612.1333,22.6875,6.7
06-Jul-23,13171.7531,24745.7531,4908.7531,22.6875,6.7
07-Jul-23,11926.3619,25986.3619,7015.3619,22.6875,6.7
08-Jul-23,8023.2239,29906.2239,6581.2239,22.6875,6.7
09-Jul-23,6794.1772,26585.1772,5509.1772,22.6875,6.7
10-Jul-23,9040.7381,20938.7381,3156.7381,22.6875,6.7
11-Jul-23,9697.7883,23253.7883,6328.7883,22.6875,6.7
12-Jul-23,10471.9422,25248.9422,6715.9422,22.6875,6.7
13-Jul-23,13024.1294,24735.1294,5576.1294,22.6875,6.7
14-Jul-23,9297.5828,32293.5828,7053.5828,22.6875,6.7
15-Jul-23,5006.88,36942.88,3887.88,22.6875,6.7
16-Jul-23,12256.7878,33373.7878,6899.7878,22.6875,6.7
17-Jul-23,16873.8411,28538.8411,6332.8411,22.6875,6.7
18-Jul-23,7297.5472,27648.5472,4983.5472,22.275,5.2
19-Jul-23,11102.5061,32438.5061,9230.5061,22.275,5.2
20-Jul-23,7587.1664,27796.1664,6092.1664,22.275,5.2
21-Jul-23,13381.8311,40032.8311,10478.8311,22.275,5.2
22-Jul-23,13683.3983,31952.3983,8126.3983,22.275,5.2
23-Jul-23,4897.9314,34083.9314,4700.9314,22.275,5.2
24-Jul-23,5221.7372,39718.7372,5161.7372,22.275,5.2
25-Jul-23,7762.5583,36600.5583,7514.5583,22.275,5.2
26-Jul-23,12141.9442,44341.9442,11215.9442,22.275,5.2
27-Jul-23,17706.3933,28853.3933,5889.3933,22.275,5.2
28-Jul-23,12948.9539,26347.9539,5732.9539,22.275,5.2
29-Jul-23,17189.395,34423.395,11125.395,22.275,5.2
30-Jul-23,14866.0392,17850.0392,3750.0392,22.275,5.2
31-Jul-23,10224.3869,24702.3869,5892.3869,22.275,5.2
01-Aug-23,8984.0808,15418.0808,1803.0808,34.75,8.8
02-Aug-23,18262.7978,20386.7978,5503.7978,34.75,8.8
03-Aug-23,18942.8131,15376.8131,2046.8131,34.75,8.8
04-Aug-23,2677.4878,21313.4878,2058.4878,34.75,8.8
05-Aug-23,11030.5286,28394.5286,8829.5286,34.75,8.8
06-Aug-23,9393.7767,26462.7767,5832.7767,34.75,8.8
07-Aug-23,15835.4167,15971.4167,1727.4167,34.75,8.8
08-Aug-23,18435.9886,15224.9886,3142.9886,34.75,8.8
09-Aug-23,20566.1939,29888.1939,11912.1939,34.75,8.8
10-Aug-23,10618.0367,19120.0367,3751.0367,34.75,8.8
11-Aug-23,8909.9369,24955.9369,6206.9369,34.75,8.8
12-Aug-23,10226.9264,25749.9264,4870.9264,34.75,8.8
13-Aug-23,12277.4333,35354.4333,9685.4333,34.75,8.8
14-Aug-23,10200.7603,21315.7603,3081.7603,34.75,8.8
15-Aug-23,19053.8478,16752.8478,1890.8478,34.75,8.8
16-Aug-23,22215.9608,30683.9608,8273.9608,34.75,8.8
17-Aug-23,7141.6447,18335.6447,1563.6447,34.75,8.8
18-Aug-23,11174.4608,21919.4608,2723.4608,34.75,8.8
19-Aug-23,3945.4203,26443.4203,3904.4203,34.75,8.8
20-Aug-23,16979.8569,23667.8569,9432.8569,34.75,8.8
21-Aug-23,15489.1808,22324.1808,6019.1808,34.75,8.8
22-Aug-23,6226.3906,15277.3906,1844.3906,34.75,8.8
23-Aug-23,14102.5992,26308.5992,7219.5992,34.75,8.8
24-Aug-23,22731.8156,15968.8156,2115.8156,34.75,8.8
25-Aug-23,20925.9011,16114.9011,2323.9011,34.75,8.8
26-Aug-23,11718.0311,22092.0311,7297.0311,34.75,8.8
27-Aug-23,20284.9233,22082.9233,6870.9233,34.75,8.8
28-Aug-23,19998.7964,28374.7964,6095.7964,34.75,8.8
29-Aug-23,8773.0747,14071.0747,2022.0747,34.75,8.8
30-Aug-23,7083.1778,27024.1778,5220.1778,34.75,8.8
31-Aug-23,10349.3522,15036.3522,2709.3522,34.75,8.8
01-Sep-23,11808.6842,23609.6842,5367.6842,34.75,8.8
02-Sep-23,24557.9225,25912.9225,10391.9225,34.75,8.8
03-Sep-23,25889.7406,27011.7406,10481.7406,34.75,8.8
04-Sep-23,13466.6822,23658.6822,4251.6822,34.75,8.8
05-Sep-23,15159.5942,30372.5942,7570.5942,34.75,8.8
06-Sep-23,23132.8364,28356.8364,8968.8364,34.75,8.8
07-Sep-23,18678.9422,18865.9422,4159.9422,34.75,8.8
08-Sep-23,3427.2708,25398.2708,3082.2708,34.75,8.8
09-Sep-23,20233.97,21780.97,8768.97,34.75,8.8
10-Sep-23,12064.8325,23572.8325,7420.8325,34.75,8.8
11-Sep-23,13627.1008,33370.1008,11518.1008,34.75,8.8
12-Sep-23,27284.7353,18638.7353,5424.7353,34.75,8.8
13-Sep-23,25269.5356,18191.5356,5962.5356,34.75,8.8
14-Sep-23,23079.9447,12615.9447,3971.9447,34.75,8.8
15-Sep-23,28320.9772,12597.9772,6376.9772,34.75,8.8
16-Sep-23,28524.9664,15071.9664,8067.9664,34.75,8.8
17-Sep-23,21083.2514,19319.2514,7705.2514,34.75,8.8
18-Sep-23,12688.6031,14097.6031,3435.6031,34.75,8.8
19-Sep-23,15968.8586,12279.8586,4050.8586,34.75,8.8
20-Sep-23,11506.2947,17932.2947,3669.2947,34.75,8.8
21-Sep-23,22704.7139,25790.7139,11121.7139,34.75,8.8
22-Sep-23,28858.5533,27610.5533,8704.5533,34.75,8.8
23-Sep-23,29056.5644,19680.5644,8543.5644,34.75,8.8
24-Sep-23,30812.9411,17019.9411,7242.9411,34.75,8.8
25-Sep-23,28459.9189,16664.9189,6791.9189,34.75,8.8
26-Sep-23,28851.4006,15558.4006,4542.4006,34.75,8.8
27-Sep-23,21684.9372,21649.9372,7495.9372,34.75,8.8
28-Sep-23,30920.5917,16726.5917,6689.5917,34.75,8.8
29-Sep-23,31272.8581,14478.8581,6091.8581,34.75,8.8
30-Sep-23,31416.4436,15751.4436,8994.4436,34.75,8.8
01-Oct-23,30909.7131,16937.7131,8714.7131,34.75,8.8
02-Oct-23,30186.1828,15004.1828,5795.1828,34.75,8.8
03-Oct-23,1602.6833,15087.6833,1560.6833,34.75,8.8
04-Oct-23,5816.5808,23181.5808,4604.5808,34.75,8.8
05-Oct-23,12074.5156,22299.5156,6718.5156,34.75,8.8
06-Oct-23,18099.1708,21931.1708,8280.1708,34.75,8.8
07-Oct-23,17939.4831,26255.4831,12205.4831,34.75,8.8
08-Oct-23,31330.1,21649.1,7657.1,34.75,8.8
09-Oct-23,30227.3836,18695.3836,7197.3836,34.75,8.8
10-Oct-23,32216.8378,16044.8378,6509.8378,34.75,8.8
11-Oct-23,34376.8022,17268.8022,7236.8022,34.75,8.8
12-Oct-23,10654.6528,19813.6528,4699.6528,34.75,8.8
13-Oct-23,12124.7981,21439.7981,6738.7981,34.75,8.8
14-Oct-23,20397.2156,22402.2156,11092.2156,34.75,8.8
15-Oct-23,15067.9864,21164.9864,7297.9864,34.75,8.8
16-Oct-23,24733.03,21973.03,6666.03,34.75,8.8
17-Oct-23,30309.2714,18467.2714,7933.2714,34.75,8.8
18-Oct-23,35930.1869,17064.1869,6298.1869,34.75,8.8
19-Oct-23,34780.7408,17586.7408,8671.7408,34.75,8.8
20-Oct-23,31894.9742,15176.9742,8795.9742,34.75,8.8
21-Oct-23,14798.0358,12370.0358,5654.0358,34.75,8.8
22-Oct-23,6247.7478,23211.7478,4333.7478,34.75,8.8
23-Oct-23,15081.9347,19855.9347,6815.9347,34.75,8.8
24-Oct-23,28512.5922,14995.5922,5823.5922,34.75,8.8
25-Oct-23,25039.4475,25730.4475,12002.4475,34.75,8.8
26-Oct-23,18921.1819,24386.1819,8862.1819,34.75,8.8
27-Oct-23,36616.5989,17393.5989,8744.5989,34.75,8.8
28-Oct-23,30254.8581,11825.8581,6909.8581,34.75,8.8
29-Oct-23,0,0,0,34.75,8.8
30-Oct-23,25123.9525,13822.9525,4731.9525,34.75,8.8
31-Oct-23,28261.9194,15693.9194,6247.9194,34.75,8.8
01-Nov-23,15252.9086,20666.9086,9363.9086,34.75,8.8
02-Nov-23,25553.4161,18711.4161,10066.4161,34.75,8.8
03-Nov-23,19791.4275,16897.4275,6691.4275,34.75,8.8
04-Nov-23,33028.2689,17606.2689,10148.2689,34.75,8.8
05-Nov-23,35089.5786,16070.5786,9704.5786,34.75,8.8
06-Nov-23,32974.0714,13073.0714,6060.0714,34.75,8.8
07-Nov-23,33937.7597,16032.7597,7482.7597,34.75,8.8
08-Nov-23,27796.7517,16551.7517,6192.7517,34.75,8.8
09-Nov-23,27570.9919,12809.9919,8092.9919,34.75,8.8
10-Nov-23,37929.1506,13745.1506,7710.1506,34.75,8.8
11-Nov-23,21915.82,15647.82,7520.82,34.75,8.8
12-Nov-23,32904.3453,14617.3453,7780.3453,34.75,8.8
13-Nov-23,39560.7428,16604.7428,8943.7428,34.75,8.8
14-Nov-23,13607.9453,17627.9453,6601.9453,34.75,8.8
15-Nov-23,38047.7122,16415.7122,8985.7122,34.75,8.8
16-Nov-23,26498.8403,12760.8403,7697.8403,34.75,8.8
17-Nov-23,22654.3831,12756.3831,5387.3831,34.75,8.8
18-Nov-23,39967.6894,11657.6894,7109.6894,34.75,8.8
19-Nov-23,35229.9025,14008.9025,8151.9025,34.75,8.8
20-Nov-23,17475.0389,11868.0389,4921.0389,34.75,8.8
21-Nov-23,18358.7678,12884.7678,5824.7678,34.75,8.8
22-Nov-23,38476.1822,13529.1822,7802.1822,34.75,8.8
23-Nov-23,34352.8711,12608.8711,8722.8711,34.75,8.8
24-Nov-23,18134.7358,12575.7358,3903.7358,34.75,8.8
25-Nov-23,26495.1744,12565.1744,7086.1744,34.75,8.8
26-Nov-23,19249.4781,11780.4781,6827.4781,34.75,8.8
27-Nov-23,15708.5808,10555.5808,6077.5808,34.75,8.8
28-Nov-23,27988.8633,12624.8633,7919.8633,34.75,8.8
29-Nov-23,8383.3661,11358.3661,3997.3661,34.75,8.8
30-Nov-23,14003.2461,14848.2461,7778.2461,34.75,8.8
01-Dec-23,24267.7844,23257.7844,14228.7844,34.75,8.8
02-Dec-23,8728.7117,12844.7117,4513.7117,34.75,8.8
03-Dec-23,34538.8542,11776.8542,7544.8542,34.75,8.8
04-Dec-23,36526.2283,11940.2283,7560.2283,34.75,8.8
05-Dec-23,25931.3767,13604.3767,7927.3767,34.75,8.8
06-Dec-23,39513.2003,11170.2003,6561.2003,34.75,8.8
07-Dec-23,33465.2992,10044.2992,6049.2992,34.75,8.8
08-Dec-23,21663.1331,13604.1331,5924.1331,34.75,8.8
09-Dec-23,5157.1856,12011.1856,3916.1856,34.75,8.8
10-Dec-23,9362.7831,16257.7831,6493.7831,34.75,8.8
11-Dec-23,9004.8753,13125.8753,5393.8753,34.75,8.8
12-Dec-23,35307.8119,17391.8119,8962.8119,34.75,8.8
13-Dec-23,21228.5258,21193.5258,8404.5258,34.75,8.8
14-Dec-23,21408.0322,11602.0322,7233.0322,34.75,8.8
15-Dec-23,33306.5936,14245.5936,9501.5936,34.75,8.8
16-Dec-23,23064.1814,14624.1814,8221.1814,34.75,8.8
17-Dec-23,40985.6419,14566.6419,9155.6419,34.75,8.8
18-Dec-23,13520.2789,9507.2789,5742.2789,34.75,8.8
19-Dec-23,12180.6958,14092.6958,5385.6958,34.75,8.8
20-Dec-23,38817.5081,16530.5081,8508.5081,34.75,8.8
21-Dec-23,36163.0983,12985.0983,8166.0983,34.75,8.8
22-Dec-23,39540.1975,5352.1975,3154.1975,34.75,8.8
23-Dec-23,40065.3469,4538.3469,3089.3469,34.75,8.8
24-Dec-23,33177.4792,4652.4792,2838.4792,34.75,8.8
25-Dec-23,7021.7997,3507.7997,1858.7997,34.75,8.8
26-Dec-23,21778.5053,3872.5053,2478.5053,34.75,8.8
27-Dec-23,28513.2169,4197.2169,2601.2169,34.75,8.8
28-Dec-23,24219.0353,4099.0353,2550.0353,34.75,8.8
29-Dec-23,40467.4825,6392.4825,3437.4825,34.75,8.8
30-Dec-23,27185.4583,11082.4583,7464.4583,34.75,8.8
31-Dec-23,40951.2519,15675.2519,10771.2519,34.75,8.8
01-Jan-24,38148.0097,14115.0097,7894.0097,34.75,8.8
02-Jan-24,20825.2775,11972.2775,5048.2775,34.75,8.8
03-Jan-24,23028.0228,17665.0228,8888.0228,34.75,8.8
04-Jan-24,27159.7019,15992.7019,9786.7019,34.75,8.8
05-Jan-24,33391.1442,15463.1442,10015.1442,34.75,8.8
06-Jan-24,29860.1906,16582.1906,8538.1906,34.75,8.8
07-Jan-24,8535.8742,13571.8742,4926.8742,34.75,8.8
08-Jan-24,3196.7639,11459.7639,3041.7639,34.75,8.8
09-Jan-24,28321.6233,13293.6233,8076.6233,34.75,8.8
10-Jan-24,35821.0797,14644.0797,9350.0797,34.75,8.8
11-Jan-24,40999.7683,11685.7683,6705.7683,34.75,8.8
12-Jan-24,35633.3417,15439.3417,9189.3417,34.75,8.8
13-Jan-24,13890.2281,11242.2281,5060.2281,34.75,8.8
14-Jan-24,37631.5664,21021.5664,12506.5664,34.75,8.8
15-Jan-24,31329.0558,13373.0558,6663.0558,34.75,8.8
16-Jan-24,35388.5453,16520.5453,8790.5453,34.75,8.8
17-Jan-24,14908.3922,13659.3922,6105.3922,34.75,8.8
18-Jan-24,25176.3942,12469.3942,6028.3942,34.75,8.8
19-Jan-24,15579.65,10713.65,4991.65,34.75,8.8
20-Jan-24,24129.0206,13030.0206,7682.0206,34.75,8.8
21-Jan-24,24452.1686,14396.1686,8349.1686,34.75,8.8
22-Jan-24,33830.2608,11653.2608,7610.2608,34.75,8.8
23-Jan-24,37786.3736,13269.3736,6320.3736,34.75,8.8
24-Jan-24,28418.0325,14829.0325,7256.0325,34.75,8.8
25-Jan-24,13278.9022,10623.9022,4147.9022,34.75,8.8
26-Jan-24,29371.6297,13579.6297,8342.6297,34.75,8.8
27-Jan-24,30874.3778,14337.3778,6591.3778,34.75,8.8
28-Jan-24,34105.2733,15719.2733,8380.2733,34.75,8.8
29-Jan-24,36974.1292,12733.1292,6621.1292,34.75,8.8
30-Jan-24,39347.3178,14948.3178,9064.3178,34.75,8.8
31-Jan-24,28732.1131,14384.1131,8658.1131,34.75,8.8
01-Feb-24,33464.2261,13263.2261,6956.2261,34.75,8.8
02-Feb-24,34143.1817,13502.1817,8036.1817,34.75,8.8
03-Feb-24,37559.1242,14973.1242,7832.1242,34.75,8.8
04-Feb-24,37183.3158,22972.3158,10757.3158,34.75,8.8
05-Feb-24,6654.1858,12401.1858,4420.1858,34.75,8.8
06-Feb-24,30282.8892,12240.8892,6464.8892,34.75,8.8
07-Feb-24,31656.4267,12349.4267,6696.4267,34.75,8.8
08-Feb-24,37848.5214,13901.5214,7664.5214,34.75,8.8
09-Feb-24,30214.6247,13884.6247,7778.6247,34.75,8.8
10-Feb-24,36865.0078,13624.0078,7065.0078,34.75,8.8
11-Feb-24,34202.2039,18784.2039,8286.2039,34.75,8.8
12-Feb-24,33919.4897,21509.4897,8501.4897,34.75,8.8
13-Feb-24,22883.0803,10712.0803,6659.0803,34.75,8.8
14-Feb-24,10925.3735,6036.627,3664.638,34.75,8.8
15-Feb-24,4798.1978,7443.1978,4798.1978,34.75,8.8
16-Feb-24,31368.565,12382.3332,5732.5103,34.75,8.8
17-Feb-24,29275.4011,14676.4011,8572.4011,34.75,8.8
18-Feb-24,34094.1594,16248.1594,7870.1594,34.75,8.8
19-Feb-24,34605.4664,10580.4664,4968.4664,34.75,8.8
20-Feb-24,29840.4669,14351.4669,8572.4669,34.75,8.8
21-Feb-24,30297.7636,15277.7636,7050.7636,34.75,8.8
22-Feb-24,27344.1572,18255.1572,8157.1572,34.75,8.8
23-Feb-24,18584.4725,12961.4725,6064.4725,34.75,8.8
24-Feb-24,32888.8908,13902.8908,8814.8908,34.75,8.8
25-Feb-24,28386.3067,15977.3067,8496.3067,34.75,8.8
26-Feb-24,29831.9019,14044.9019,6030.9019,34.75,8.8
27-Feb-24,34344.7469,11552.7469,5088.7469,34.75,8.8
28-Feb-24,16695.7458,14240.7458,6020.7458,34.75,8.8
29-Feb-24,23966.1392,15350.1392,6447.1392,34.75,8.8
01-Mar-24,31776.7167,10913.7167,6249.7167,34.75,8.8
02-Mar-24,25354.5961,13274.5961,7078.5961,34.75,8.8
03-Mar-24,18272.9292,16539.9292,8622.9292,34.75,8.8
04-Mar-24,34097.7508,10996.7508,4606.7508,34.75,8.8
05-Mar-24,32828.67,11362.67,5943.67,34.75,8.8
06-Mar-24,26295.4253,16028.4253,8193.4253,34.75,8.8
07-Mar-24,32999.4203,15930.4203,7222.4203,34.75,8.8
08-Mar-24,31256.0853,16144.0853,7410.0853,34.75,8.8
09-Mar-24,29776.2692,26720.2692,10936.2692,34.75,8.8
10-Mar-24,29644.4331,24829.4331,6991.4331,34.75,8.8
11-Mar-24,28407.2014,18095.2014,9630.2014,34.75,8.8
12-Mar-24,11670.9817,13928.9817,4879.9817,34.75,8.8
13-Mar-24,9131.3678,14068.3678,4161.3678,34.75,8.8
14-Mar-24,22133.6586,15467.6586,8276.6586,34.75,8.8
15-Mar-24,28864.0594,12804.0594,7403.0594,34.75,8.8
16-Mar-24,28530.3358,16090.3358,6313.3358,34.75,8.8
17-Mar-24,24610.3747,17015.3747,6755.3747,34.75,8.8
18-Mar-24,28305.78,13438.78,6079.78,34.75,8.8
19-Mar-24,12802.5578,17192.5578,5939.5578,34.75,8.8
20-Mar-24,24744.4708,12436.4708,5839.4708,34.75,8.8
21-Mar-24,30063.6592,12141.6592,5139.6592,34.75,8.8
22-Mar-24,28203.3594,10293.3594,3935.3594,34.75,8.8
23-Mar-24,19473.7583,12593.7583,5829.7583,34.75,8.8
24-Mar-24,23106.3539,14789.3539,8378.3539,34.75,8.8
25-Mar-24,27431.9842,10483.9842,4240.9842,34.75,8.8
26-Mar-24,23660.5536,16371.5536,7482.5536,34.75,8.8
27-Mar-24,16483.835,11387.835,4380.835,34.75,8.8
28-Mar-24,26061.5875,16066.5875,8309.5875,34.75,8.8
29-Mar-24,26962.6542,12528.6542,4111.6542,34.75,8.8
30-Mar-24,26154.9311,8910.9311,3806.9311,34.75,8.8
31-Mar-24,23895.6925,7407.6925,3447.6925,34.75,8.8
01-Apr-24,8639.7428,14206.7428,4081.7428,34.75,8.8
02-Apr-24,12963.6636,13231.6636,4860.6636,34.75,8.8
03-Apr-24,10664.9778,16216.9778,4958.9778,34.75,8.8
04-Apr-24,23924.7628,25987.7628,10081.7628,34.75,8.8
05-Apr-24,23388.9508,16957.9508,4343.9508,34.75,8.8
06-Apr-24,9467.2106,16538.2106,4989.2106,34.75,8.8
07-Apr-24,11151.7764,20177.7764,6407.7764,34.75,8.8
08-Apr-24,16424.5247,14687.5247,3368.5247,34.75,8.8
09-Apr-24,16747.3231,25307.3231,5615.3231,34.75,8.8
10-Apr-24,11143.135,29160.135,6715.135,34.75,8.8
11-Apr-24,12108.5858,30435.5858,7052.5858,34.75,8.8
12-Apr-24,9111.0481,29678.0481,5600.0481,34.75,8.8
13-Apr-24,12372.1147,18897.1147,3898.1147,34.75,8.8
14-Apr-24,17849.7753,23286.7753,9636.7753,34.75,8.8
15-Apr-24,19148.0231,19609.0231,4138.0231,34.75,8.8
16-Apr-24,11897.6817,23798.6817,4924.6817,34.75,8.8
17-Apr-24,15076.5914,23309.5914,8187.5914,34.75,8.8
18-Apr-24,9977.6103,23888.6103,5409.6103,34.75,8.8
19-Apr-24,15187.7214,26544.7214,5180.7214,34.75,8.8
20-Apr-24,13714.5044,29710.5044,7295.5044,34.75,8.8
21-Apr-24,16550.6189,27415.6189,6870.6189,34.75,8.8
22-Apr-24,21395.7844,27242.7844,8100.7844,34.75,8.8
23-Apr-24,19011.05,18686.05,2748.05,34.75,8.8
24-Apr-24,12811.0961,34942.0961,8411.0961,34.75,8.8
25-Apr-24,10135.8892,10778.8892,2338.8892,34.75,8.8
26-Apr-24,6382.6528,3236.6528,1269.6528,34.75,8.8
27-Apr-24,19926.7722,3725.7722,1867.7722,34.75,8.8
28-Apr-24,19836.3131,10019.3131,1759.3131,34.75,8.8
29-Apr-24,3943.2269,18343.2269,1236.2269,34.75,8.8
30-Apr-24,11411.1131,25537.1131,3736.1131,34.75,8.8
01-May-24,18892.1692,27965.1692,6468.1692,34.75,8.8
02-May-24,16756.0069,21603.0069,3666.0069,34.75,8.8
03-May-24,14878.1817,29446.1817,7438.1817,34.75,8.8
04-May-24,12208.6044,31521.6044,8851.6044,34.75,8.8
05-May-24,14968.0253,25356.0253,6054.0253,34.75,8.8
06-May-24,16687.1419,27163.1419,3850.1419,34.75,8.8
07-May-24,17973.0775,31967.0775,7077.0775,34.75,8.8
08-May-24,17058.4325,28050.4325,5924.4325,34.75,8.8
09-May-24,8744.2853,23032.2853,5357.2853,34.75,8.8
10-May-24,6818.4231,23037.4231,4628.4231,34.75,8.8
11-May-24,10028.5928,21726.5928,3983.5928,34.75,8.8
12-May-24,17696.7256,19897.7256,3627.7256,34.75,8.8
13-May-24,15894.5819,19107.5819,2865.5819,34.75,8.8
14-May-24,9369.6292,27249.6292,3857.6292,34.75,8.8
15-May-24,17296.86,33903.86,7343.86,34.75,8.8
16-May-24,16529.6903,24382.6903,2646.6903,34.75,8.8
17-May-24,5653.1264,30055.1264,4717.1264,34.75,8.8
18-May-24,16810.1164,25827.1164,8240.1164,34.75,8.8
19-May-24,4453.0558,41426.0558,4444.0558,34.75,8.8
,,,,,
,,,,,
,,,,,
,,,,,
,,,,,
,,,,,
,,,,,
,,,,,
,,,,,
,,,,,
,,,,,
,,,,,
,,,,,
,,,,,
,,,,,
